Property ID,count
VWD15538,1
RBU50254,1
RBU50289,1
RBU50392,1
RBU50470,1
RBU50509,1
RBU50560,1
RBU50575,1
RBU50784,1
RBU50790,1
RBU50828,1
RBU50845,1
RBU50856,1
RBU50858,1
RBU50891,1
RBU50895,1
RBU50896,1
RBU50897,1
RBU50948,1
RBU50990,1
RBU50999,1
RBU51000,1
RBU51002,1
RBU51004,1
RBU51007,1
RBU50285,1
RBU50228,1
RBU51011,1
RBU50227,1
RBU48615,1
RBU48904,1
RBU48921,1
RBU48923,1
RBU48959,1
RBU49425,1
RBU49453,1
RBU49666,1
RBU49702,1
RBU49703,1
RBU49704,1
RBU49705,1
RBU49706,1
RBU49707,1
RBU49710,1
RBU49778,1
RBU49779,1
RBU49782,1
RBU49789,1
RBU49791,1
RBU24801,1
RBU49812,1
RBU49867,1
RBU51008,1
RBU51013,1
VBD40201,1
RBU51463,1
RBU51501,1
RBU51504,1
RBU51507,1
RBU51567,1
RBU51639,1
RBU51644,1
RBU51724,1
RBU51725,1
RBU24807,1
RBU51787,1
RBU51831,1
RBU51843,1
RBU51883,1
RBU51906,1
RBU51907,1
RBU52108,1
RBU52109,1
RBU25502,1
RBU52114,1
RBU52115,1
RBU52117,1
RBU52118,1
RBU52119,1
RBU51500,1
RBU51422,1
RBU51018,1
RBU51318,1
RBU51021,1
RBU51022,1
RBU51024,1
RBU51027,1
RBU51029,1
RBU51030,1
RBU51033,1
RBU51036,1
RBU51038,1
RBU51039,1
RBU51087,1
RBU51138,1
RBU51140,1
RBU51141,1
RBU51301,1
RBU51302,1
RWC41012,1
RBU51306,1
RBU51310,1
RBU51311,1
RBU51312,1
RBU51313,1
RBU51315,1
RBU48594,1
RBU48593,1
RBU48565,1
RBU44639,1
RBU45262,1
RBU45263,1
RBU45265,1
RBU45268,1
RBU45272,1
RBU45298,1
RBU45300,1
RBU45301,1
RBU45302,1
RBU45307,1
RBU45308,1
RBU45310,1
RBU45311,1
RBU45313,1
RBU45528,1
RBU45555,1
RBU45594,1
RBU45646,1
RBU45691,1
RBU45694,1
RBU45744,1
RBU45860,1
RBU45861,1
RBU44775,1
RBU44637,1
RBU48459,1
RBU44606,1
RBU42882,1
RBU42883,1
RBU42891,1
RBU42906,1
RBU42909,1
RBU42956,1
RBU42957,1
RBU42962,1
RBU42963,1
RBU43150,1
RBU43178,1
RBU43238,1
RBU43407,1
RBU43424,1
RBU43425,1
RBU43426,1
RBU43427,1
RBU43428,1
RBU43429,1
RBU43442,1
RBU43581,1
RBU43768,1
RBU43979,1
RBU45862,1
RBU45904,1
RBU45983,1
RBU46085,1
RBU47841,1
RBU47843,1
RBU47858,1
RBU47859,1
RBU47860,1
RBU47867,1
RBU47886,1
RBU47887,1
RBU47888,1
RBU25480,1
RBU25481,1
RBU47912,1
RBU47973,1
RBU48092,1
RBU48103,1
RBU48220,1
RBU48367,1
RBU48404,1
RBU48449,1
RBU48453,1
RBU48456,1
RBU48457,1
RBU48458,1
RBU47819,1
RBU47782,1
RBU47780,1
VBC83069,1
RBU46088,1
RBU46234,1
RBU46235,1
RBU46248,1
RBU46268,1
RBU45663,1
RBU46462,1
RBU46505,1
RBU46700,1
RBU46701,1
RBU46890,1
RBU47778,1
RBU46891,1
RBU46917,1
RBU46919,1
RBU46928,1
RBU46929,1
RBU47016,1
RBU47150,1
RBU47174,1
RBU47176,1
RBU47285,1
RBU52120,1
RBU52121,1
RBU52135,1
RBU58329,1
RBU58368,1
RBU58370,1
RBU58373,1
RBU51017,1
RBU58539,1
RBU58540,1
RBU24752,1
RBU58821,1
RBU58826,1
RBU58841,1
RBU58842,1
RBU58843,1
RBU58849,1
RBU58852,1
RBU58853,1
RBU58856,1
RBU58857,1
RBU58862,1
RBU58863,1
RBU58866,1
RBU58870,1
RBU58949,1
RBU58953,1
RBU58340,1
RBU58328,1
VBD44532,1
RBU58327,1
RBU57562,1
RBU57564,1
RBU57692,1
RBU57693,1
RBU57718,1
RBU17157,1
RBU58274,1
RBU58275,1
RBU58276,1
RBU58277,1
RBU58278,1
RBU58279,1
RBU58280,1
RBU58281,1
RBU58283,1
RBU58284,1
RBU58305,1
RBU58307,1
RBU58312,1
RBU58313,1
RBU58322,1
RBU58323,1
RBU58324,1
RBU58961,1
RBU58963,1
RBU58965,1
RBU58995,1
RBU59451,1
RBU59452,1
RBU59455,1
RBU59456,1
RBU59670,1
RBU59675,1
RBU60091,1
RBU60103,1
RBU60139,1
RBU60140,1
RBU60141,1
RBU60142,1
RBU60144,1
RBU60161,1
RBU60162,1
RBU60163,1
RBU60165,1
RBU60168,1
RBU60169,1
RBU60172,1
RBU60174,1
RBU60188,1
RBU60235,1
RBU59447,1
RBU59445,1
RBU59442,1
RBU59311,1
RBU58999,1
RBU59026,1
RBU59288,1
RBU59291,1
RBU59298,1
RBU59300,1
RBU59302,1
RBU59305,1
RBU59306,1
RBU59308,1
RBU59314,1
RBU59441,1
RBU59321,1
RBU59330,1
RBU59331,1
RBU59336,1
RBU25887,1
RWC41108,1
RBU46930,1
RBU58336,1
RBU59429,1
RBU59440,1
RBU57558,1
RBS87868,1
RBU52146,1
RBU56944,1
RBU57010,1
RBU57054,1
RBU57072,1
RBU57201,1
RBU58337,1
RBU58369,1
RBU58371,1
RBU58839,1
RBU58858,1
RBU58860,1
RBU58962,1
RBU58967,1
RBU58968,1
RBU58969,1
RBU58997,1
RBU59292,1
RBU59671,1
RBU60164,1
RBS97482,1
RBT76299,1
RBT38412,1
RBU33641,1
RBU14806,1
RBU56947,1
RBU56934,1
RBU57251,1
RBU56933,1
RBU52169,1
RBU52238,1
RBU52273,1
RBU52344,1
RBU52358,1
RBU52381,1
RBU52458,1
RWC41039,1
RBU55374,1
VBD42636,1
RBU55443,1
RBU55526,1
RBU55582,1
RBU55585,1
RBU55633,1
RBU55667,1
RBU55668,1
RBU55778,1
RBU55841,1
RBU55986,1
RBU56089,1
RBU56153,1
RBU56327,1
RBU18322,1
RBU55482,1
RBU24798,1
RBU55520,1
RBU56371,1
RBU56386,1
RBU56387,1
RBU56658,1
RBU56912,1
RBU56940,1
RBU56943,1
RBU56945,1
RBU56946,1
RBU56985,1
RBU56986,1
RBU57057,1
RBU37370,1
RBU51034,1
RBU57154,1
RBU57166,1
RBU57169,1
RBU41273,1
RBU57203,1
RBU57246,1
RBU57247,1
RBU57249,1
RBU57250,1
RBU56366,1
RWC41071,1
RBU56326,1
RBU55734,1
RBU55523,1
RBU55524,1
RBU55525,1
RBU55528,1
RBU55529,1
RBU55530,1
RBU55580,1
RBU55583,1
RBU55632,1
RBU10055,1
RBU55794,1
RBU56250,1
RBU33642,1
RBU55890,1
RBU55892,1
RBU55894,1
RBU55896,1
RBU55987,1
RBU56072,1
RBU56088,1
RBU56132,1
RBU56179,1
RBU42880,1
RBU42879,1
RBU42878,1
VBD29986,1
VBD32096,1
VBD32756,1
VBD32785,1
VBD33830,1
VBD06495,1
VBD35889,1
VBD38593,1
VBD39066,1
VBD39071,1
VBD39281,1
VBD41310,1
VBD42396,1
VBD43267,1
VBD42745,1
VBD00700,1
VBD44726,1
VBD44751,1
VBD44752,1
VBD44755,1
VWD15436,1
VWD15438,1
VWD15439,1
VBD45016,1
VBD30232,1
VBD29781,1
VBC69631,1
VBD29452,1
VBC99178,1
RBT86674,1
VBD02481,1
VBD06555,1
VBD07601,1
VBD07768,1
VBD07771,1
RBU09200,1
VBD11711,1
RBU12311,1
VBD15242,1
RBT29420,1
VBD18081,1
VBD06488,1
VBD06489,1
VBD06490,1
VBD06491,1
VBD20347,1
VBD22062,1
VBD22634,1
VBD26419,1
VBD26564,1
VBD27973,1
VBD45017,1
VBD45025,1
VBD45105,1
VBD45194,1
VBD45894,1
VBD46074,1
VBD46101,1
VBD46142,1
VBD46147,1
VBD46305,1
VBD46360,1
VBD46361,1
VBD46395,1
VBD46400,1
VBD46401,1
VBD46465,1
VBD46466,1
VBD46590,1
VBD46609,1
VBD46611,1
VBD46698,1
VBD46741,1
VBD46743,1
VBD46768,1
VBD46769,1
VBD46770,1
VBD46802,1
VBD45893,1
VBD45890,1
VWD15475,1
VBD45321,1
VBC72557,1
VBB54282,1
VBD40203,1
VBD26997,1
VBD08012,1
VBD38950,1
RWC41113,1
VBD45269,1
VBD45307,1
VBD45316,1
VBD45322,1
VBD45855,1
VBD45324,1
VBD45348,1
VBD45436,1
VBD45441,1
VBD45542,1
VBD45549,1
VBD45667,1
VBD45803,1
VBD45830,1
VBD45847,1
VBC87224,1
VBC69630,1
RBU62090,1
VBD41797,1
VBD41901,1
VBD41913,1
VBD41935,1
VBD41946,1
VWD15334,1
VBD42104,1
VBD42191,1
VBD42210,1
VBD42223,1
VBD42304,1
VBD42337,1
VBD42419,1
VBD42420,1
VBD42447,1
VBD42448,1
VBD42449,1
VBD42450,1
VBD42566,1
VBD42582,1
VBD42608,1
VBD42613,1
VBD42637,1
VBD42638,1
VBD41831,1
VBD41767,1
VBC64856,1
VBD41596,1
VBD40308,1
VBD40457,1
VBD40535,1
VBD40539,1
VBD40553,1
VBD40656,1
VBD40696,1
VBD40768,1
VBD40796,1
VBD40797,1
VBD40835,1
VBD40876,1
VBD40877,1
VBD40878,1
VBD40879,1
VBD41051,1
VBD41210,1
VBD41369,1
VBD41371,1
VWD15315,1
VBD41440,1
VBD41534,1
VBD41566,1
VBD42653,1
VBD42693,1
VWD15371,1
VBD43009,1
VBD42697,1
VBD42715,1
VBD42727,1
VBD43063,1
VBD43155,1
VBD43338,1
VBD43347,1
VBD43515,1
VBD43906,1
VBD43930,1
VWD15390,1
VBD44147,1
VBD39033,1
VBD44175,1
VBD44205,1
VBD44346,1
VBD44347,1
VBD44349,1
VWD14731,1
VBD19127,1
VBD44510,1
VBA51895,1
VBC39123,1
VBD42691,1
VBB03153,1
VWD15247,1
VBD44303,1
VBD43150,1
VBD43151,1
VBD43177,1
VBD43179,1
VBD43180,1
VBD43175,1
VBD44217,1
VBD44220,1
VBD44246,1
VBD44269,1
VBD44348,1
VWD14692,1
VBD44529,1
VBD44541,1
VBD45192,1
VBD45228,1
VBD45317,1
VBD45318,1
VBD01528,1
VBC80161,1
VBC70749,1
VBD05635,1
VBD46896,1
VBD46982,1
RBU42668,1
RBU37382,1
RBU37419,1
RBU37420,1
RBU37452,1
RBU37453,1
RBU37454,1
RBU37754,1
RBU37758,1
RBU37871,1
RBU38001,1
RBU38172,1
RBU38175,1
RBT78181,1
RBU38423,1
RBU38559,1
RBU38568,1
RBU38570,1
RBU38651,1
RBU38669,1
RBU38686,1
RBU38970,1
RBU38974,1
RBU38975,1
RBU38980,1
RBU37396,1
RBU37364,1
RBU35985,1
RBU28316,1
RBU35988,1
RBU35989,1
RBU35990,1
RBU35991,1
RBU35992,1
RBU35994,1
RBU35997,1
RBU35999,1
RBU36005,1
RBU24809,1
RBU36384,1
RBU36590,1
RBU36604,1
VBD30922,1
RBU36704,1
RBU36709,1
RBU36710,1
RBU24791,1
RBT72336,1
RBT71715,1
RBU36818,1
RBU36835,1
RBU37206,1
RBU38993,1
RBU39044,1
RBU39767,1
RBU40413,1
RBU41881,1
RBU41882,1
RBU41885,1
RBU24775,1
RBU41940,1
RBU42038,1
RBU42039,1
RBU42047,1
RBU42052,1
RBU42054,1
RBU42063,1
VBD34812,1
RBU42246,1
RBU42352,1
RBU42353,1
RBU42354,1
RBU42355,1
RBU42356,1
RBU42623,1
RBU42624,1
RBU42627,1
RBU42654,1
RBU42667,1
RBU41880,1
RBU41661,1
RBU41274,1
RBU40845,1
RBU40417,1
RBU40418,1
RBU40427,1
RBU40436,1
RBU40443,1
RBU40444,1
RBU40624,1
RBU40839,1
RBU40842,1
RBU40844,1
RBU40846,1
RBU41271,1
RBU40863,1
RBU40882,1
RBU40916,1
RBU40949,1
RBU40967,1
RBU40968,1
RBU41066,1
RBU41067,1
RBU41114,1
RBU41268,1
RBU35986,1
RBU35983,1
VBD47071,1
VBD48226,1
VBD48237,1
VBD48239,1
VBD48241,1
VBD48242,1
VBD48243,1
VBD48428,1
VBD48492,1
VBD48493,1
VBD48542,1
VBD48544,1
VBD48649,1
VBD48741,1
VBD48877,1
VBD49026,1
VBD49161,1
VBD49420,1
VBD49490,1
VBD49590,1
VBD49610,1
VBD49629,1
VBD49657,1
VBD44309,1
VBD45195,1
VBD48236,1
VBD48225,1
RBU35981,1
VBD48059,1
VBD47158,1
VBD47161,1
VBD47162,1
VBD47164,1
VBD47293,1
VBD47332,1
VBD47356,1
VBD47392,1
VBD47393,1
VBD47415,1
VBD47429,1
VBD47473,1
VBD47491,1
VBD47492,1
VBD47512,1
VBD47654,1
VBD47662,1
VWD15531,1
VBD47808,1
VBD47814,1
VBD47901,1
VBD47917,1
VBD47992,1
VBD22082,1
VBD45550,1
VBD45653,1
VBD46184,1
RBU34320,1
RBU34321,1
RBU34322,1
RBU34323,1
RBU34324,1
RBU34325,1
RBU34397,1
RBU34513,1
RWC40783,1
RBU34586,1
RBU34653,1
RBU34973,1
RBU34974,1
RBU35098,1
RBU35147,1
RBU35265,1
RBU35273,1
RBU35275,1
RBU35360,1
RBU35629,1
RBU35630,1
RBU35645,1
RBU35902,1
RBU34319,1
RBU34318,1
RBU34317,1
RBU33746,1
RBU32928,1
RBU33108,1
RBU33109,1
RBU33127,1
RBU33128,1
RBU33294,1
RBU33303,1
RBU33306,1
RBU33593,1
RBU33640,1
RBU33958,1
RBU34316,1
RBU33961,1
RBU34049,1
RBU34068,1
RBU34145,1
VBD29902,1
VBD29908,1
RBU34227,1
RBU34230,1
RBU34234,1
RBU34315,1
RBU02696,1
VBD08701,1
RBU09619,1
VBD28645,1
VBD28647,1
VBD28648,1
VBD28649,1
VBD28651,1
VBD28652,1
VBD28653,1
VBD28654,1
VBD28655,1
VBD28656,1
VBD28657,1
VBD28658,1
VBD28659,1
VBD28660,1
VBD28661,1
VBD28662,1
VBD28663,1
VBD28664,1
VBD28665,1
VBD28666,1
VBD28667,1
VBD28668,1
VBD28669,1
VBD28670,1
VBD28646,1
VBD28644,1
VBD28614,1
VBD28643,1
VBD28616,1
VBD28617,1
VBD28618,1
VBD28619,1
VBD28621,1
VBD28623,1
VBD28624,1
VBD28627,1
VBD28628,1
VBD28629,1
VBD28630,1
VBD28631,1
VBD28632,1
VBD28633,1
VBD28634,1
VBD28635,1
VBD28636,1
VBD28637,1
VBD28638,1
VBD28639,1
VBD28640,1
VBD28641,1
VBD28642,1
VBD28671,1
VBD28672,1
VBD28673,1
VBD28674,1
VBD28701,1
VBD28702,1
VBD28703,1
VBD28704,1
VBD28705,1
VBD28706,1
VBD28707,1
VBD28708,1
VBD28709,1
VBD28710,1
VBD28711,1
VBD28712,1
VBD28714,1
VBD28715,1
VBD28716,1
VBD28717,1
VBD28718,1
VBD28719,1
VBD28720,1
VBD28722,1
VBD28723,1
VBD28988,1
VBD28992,1
VBD28700,1
VBD28699,1
VBD28698,1
VBD28685,1
VBD28675,1
VBD28676,1
VBD28677,1
VBD28678,1
VBD28679,1
VBD28680,1
VBD28681,1
VBD28682,1
VBD28683,1
VBD28684,1
VBD28686,1
VBD28697,1
VBD28687,1
VBD28688,1
VBD28689,1
VBD28690,1
VBD28691,1
VBD28692,1
VBD28693,1
VBD28694,1
VBD28695,1
VBD28696,1
VBD28615,1
VBD28613,1
VBD29118,1
VBD28558,1
VBD28560,1
VBD28561,1
VBD28562,1
VBD28563,1
VBD28564,1
VBD28565,1
VBD28566,1
VBD28567,1
VBD28568,1
VBD28569,1
VBD28570,1
VBD28571,1
VBD28572,1
VBD28573,1
VBD28575,1
VBD28576,1
VBD28577,1
VBD28578,1
VBD28579,1
VBD28580,1
VBD28581,1
VBD28582,1
VBD28583,1
VBD28559,1
VBD28557,1
VBD28612,1
VBD28556,1
VBD28071,1
RBU32324,1
RBU32326,1
RBU32327,1
VBD28155,1
VBD28182,1
VBD28203,1
VBD28212,1
VBD28213,1
VBD28214,1
VBD28215,1
VBD28216,1
VBD28217,1
VBD28235,1
VBD28246,1
VBD28247,1
VBD28304,1
VBD28329,1
VWD14927,1
VWD14929,1
RBU33009,1
RBU33011,1
VBD28517,1
VBD28584,1
VBD28585,1
VBD28586,1
VBD28587,1
RBU65769,1
RBU65770,1
RBU65771,1
RBU65772,1
VBD49304,1
RBU65791,1
VBD49308,1
VBD49309,1
VBD49310,1
VBD49311,1
VBD49312,1
VBD49314,1
RBU65808,1
VBD49316,1
VBD28602,1
VBD28603,1
VBD28604,1
VBD28605,1
VBD28606,1
VBD28607,1
VBD28608,1
VBD28609,1
VBD28611,1
RBU65768,1
VBD49287,1
RBU65765,1
VBD28599,1
VBD28588,1
VBD28589,1
VBD28590,1
VBD28591,1
VBD28592,1
VBD28593,1
VBD28594,1
VBD28595,1
VBD28596,1
VBD28598,1
VBD28600,1
RBU65762,1
VBD28601,1
VBD49267,1
VBD49269,1
VBD49270,1
VBD49274,1
VBD49275,1
VBD49276,1
VBD49277,1
VBD49278,1
RBU65759,1
VBD29116,1
VBC44497,1
VBD27592,1
VBD35670,1
VBD35672,1
VBD35674,1
VBD35675,1
VBD35830,1
VBD35831,1
VBD35833,1
VBD35834,1
VBD35835,1
VBD35836,1
VBD35838,1
VBD10130,1
VBD35945,1
VBD00804,1
VWD15162,1
VBD36229,1
VBD36255,1
VBD36356,1
VBD36357,1
VBD36358,1
VBD36422,1
VBD36423,1
VBD36440,1
VBD36479,1
VBD35671,1
VBD35668,1
VBD34333,1
VBD35667,1
VBD34424,1
VBD34630,1
VBD25569,1
VBD34693,1
VBD34694,1
VBD02347,1
VBD34749,1
VBD34767,1
VBD34830,1
VBD34838,1
VBD35079,1
VBD35092,1
RWC40889,1
RWC40890,1
VBD35347,1
RWC40894,1
RWC40895,1
VBD35396,1
VBD35444,1
VBD35457,1
VBD35501,1
VBD35502,1
VBD35662,1
VBD36650,1
VBD36658,1
VBD36685,1
VBD36707,1
VBD38452,1
VBD38472,1
VBD38486,1
VBD38548,1
VBD38564,1
VBD38635,1
VBD38654,1
VBD38923,1
VBD10619,1
VBD38977,1
VBD39029,1
VBD39030,1
RBU48930,1
VBD39072,1
VBD39081,1
VBD39162,1
VBD39248,1
VBD39255,1
VBD39274,1
VBD39296,1
VBD39321,1
VBD39338,1
VBD39364,1
VBD38450,1
VBD38449,1
VBD38398,1
VBD37489,1
VBD36870,1
VBD36943,1
VBD36973,1
VBD36974,1
VBD36979,1
VBD36995,1
VBD37054,1
VBD37185,1
VBD37235,1
VBD37464,1
VBD37578,1
VBD38378,1
VBD37596,1
VBD37597,1
VBD37659,1
VBD37927,1
VBD38026,1
RBU47168,1
VBD38158,1
VBD38282,1
VBD38375,1
VBD19742,1
VBD34369,1
VBD34281,1
VBD10684,1
VBD30026,1
VBD30038,1
VBD30125,1
VBD30235,1
VBD30375,1
VBD30376,1
VBD30377,1
VBD30378,1
VBD30380,1
VBD30397,1
VBD30398,1
VBD30399,1
VBD30400,1
VBD30429,1
VBD30519,1
VBD30523,1
VBD30660,1
VBD30709,1
VBD30842,1
VBD30843,1
VBD30844,1
VBD30845,1
VBD30846,1
VBD30851,1
VBD30033,1
VBD30017,1
VBD34274,1
VBD30004,1
VBD10686,1
VBD29207,1
VBD29227,1
VBD29230,1
VBD29295,1
VBD29320,1
VBD29407,1
VBD29408,1
VBD29409,1
VBD29412,1
VBD29413,1
VBD29414,1
VBD29415,1
VBD29473,1
VBD29508,1
VBD29510,1
VBD29577,1
VBD29579,1
VWD14958,1
VBD29755,1
VBD29761,1
VWD14964,1
VBD29886,1
VBD30880,1
VWD15005,1
VBD31059,1
VBD31174,1
VBD33010,1
VBD33065,1
VBD33080,1
VBD33156,1
VBD33157,1
VBD33187,1
VBD33284,1
VBD33364,1
VBD33369,1
VBD33376,1
VBD33427,1
VBD33547,1
VBD33646,1
VBD33647,1
VBD33682,1
VWD15099,1
VBD33824,1
VBD33826,1
VBD33876,1
VBD34100,1
VBD34157,1
VBD34158,1
VBD34159,1
VWD15072,1
VBD32805,1
VBD32792,1
VBD31856,1
RBT37485,1
VBD31192,1
VBD31456,1
VBD31493,1
VBD31569,1
VBD31704,1
VBD31756,1
VBD31757,1
VBD31758,1
VBD05506,1
VBD11755,1
VBD32751,1
VBD31945,1
VBD31958,1
VBD32186,1
VBD32253,1
RBU33010,1
VBD32420,1
VWD15051,1
VBD32522,1
VBD32672,1
VBD32699,1
VBD28070,1
VBD27313,1
RBU11955,1
RBU60041,1
RBU60045,1
VBD45362,1
VBD45376,1
RBU60085,1
RBU60093,1
RBU60099,1
RBU60117,1
VBD45619,1
RBU60187,1
RBU60222,1
RBU60226,1
RBU60234,1
RBU60261,1
RBU60266,1
RBU60269,1
RBU60324,1
RBU60357,1
RBU60358,1
RBU60359,1
RBU60361,1
RBU60363,1
VBD45759,1
VBD45760,1
RBU60042,1
RBU59861,1
RBU59309,1
RBU59665,1
RBU59348,1
RBU51555,1
RBU11858,1
RBT73283,1
RBU43814,1
RWC40305,1
VBD24154,1
VBD24155,1
RBU50010,1
RBU59385,1
RBU59386,1
RBU41073,1
RBU59387,1
VBD45245,1
RBU59609,1
RBU59617,1
VBD45266,1
VBD45267,1
VBD45268,1
RBU59653,1
RBU59655,1
RBU59663,1
RBU59664,1
RBU60552,1
VBD45843,1
RBU60586,1
RBU60590,1
RBU61534,1
RBU61537,1
RBU61540,1
RBU61563,1
RBU61578,1
RBU61579,1
RBU61580,1
RBU61586,1
VBD46752,1
RBU61999,1
RBU62001,1
VBD46808,1
RBU62014,1
VBD46824,1
VWD15504,1
RBU62017,1
VBD46862,1
RBU62028,1
RBU62066,1
RBU62070,1
RBU62091,1
RBU62095,1
RBU62097,1
VBD46638,1
RBU61448,1
VBD46598,1
RBU60811,1
RBU60602,1
RBU60603,1
RBU60682,1
VBD45945,1
RBU60691,1
RBU60692,1
RBU60693,1
RBU60717,1
RBU60729,1
VBD46162,1
VBD46297,1
RBU61424,1
VBD46341,1
VBD46342,1
RBU60963,1
RBU60965,1
RBU61284,1
RBU61303,1
RBU61332,1
RBU61343,1
RBU61352,1
RBU61410,1
RBU59315,1
RBU59301,1
RBU62126,1
VBD36033,1
RBU44692,1
RBU45659,1
VBD36969,1
RBU46442,1
RBU47747,1
RBU47896,1
RBU47917,1
RBU49749,1
RBU49750,1
RBU49805,1
RBU50559,1
RBU51799,1
RBU51800,1
RWC41023,1
RWC41024,1
RBU52110,1
VBD42397,1
RBU55765,1
RBU55923,1
VBC71877,1
VBD44576,1
VBD44704,1
RBU58359,1
RBU43975,1
VBD35681,1
RBU59290,1
RBT28384,1
RBU12077,1
RBU12237,1
RBU12238,1
RBU03787,1
VBD17932,1
RBT30060,1
RBU22585,1
VBC80536,1
VBD22229,1
VBD24965,1
RWC40720,1
RWC40721,1
VBD27721,1
RBU32229,1
RBU33726,1
RBU33727,1
RBT45672,1
RBU37074,1
VBD32540,1
VBD32541,1
RBT91558,1
RBU42035,1
RBT99663,1
RBU58360,1
RBU58361,1
RBU58362,1
RWC41092,1
RBU58562,1
RBU33974,1
RWC41101,1
RBU58582,1
RBU35026,1
VBD30551,1
RBT83854,1
RBU58815,1
RBU58819,1
RBT40471,1
VBD44850,1
RBU58871,1
RBU58873,1
RBU58879,1
RBU58920,1
VBD45028,1
RBU59032,1
RBU59033,1
RBU59034,1
VBD45053,1
RBU59214,1
RBU59279,1
RBU59280,1
VBD44771,1
VBD44758,1
RBT46018,1
RBU58353,1
RWC41093,1
VBD44560,1
RBU57633,1
VBD44575,1
VBC93268,1
VBD44639,1
VBD44640,1
RBU58240,1
RBU58258,1
RWC39101,1
RBU58355,1
RBU16342,1
RBU58356,1
RBU58383,1
RBU58385,1
RBU58402,1
RBU58406,1
RBU58440,1
RBU58449,1
RBU58450,1
VBD44727,1
RBU58491,1
RBU62125,1
RBU62127,1
VBD27311,1
RBU65840,1
RBU65845,1
RBU65848,1
VBD49416,1
VBD49506,1
VBD49507,1
VBD49508,1
RBU65887,1
RBU65888,1
RBU65889,1
RBU65890,1
RBU65892,1
RBU65894,1
RBU65895,1
RBU65896,1
VBD49534,1
RBU65935,1
RBU65936,1
RBU65958,1
VBD49558,1
VBD49582,1
RBU65999,1
RBU66141,1
RBU66143,1
VBD49361,1
RBU65838,1
RBU65245,1
RBU65834,1
RBU65247,1
RBU65248,1
RBU65249,1
RBU65250,1
RBU65251,1
RBU65258,1
RBU65264,1
VBD49048,1
RBU65332,1
VBD49082,1
RBU65645,1
RBU65679,1
RBU65680,1
RBU65684,1
RBU65698,1
RBU65701,1
RBU65706,1
VBD49139,1
VBD49160,1
VBD49171,1
RBU65739,1
RBU65741,1
RBU65752,1
RBU66144,1
RBU66153,1
VBD49674,1
RBU66161,1
VBD40688,1
RBU50663,1
RBU50664,1
RBU50665,1
RBU50666,1
RBU50672,1
RBU50673,1
RBU50696,1
RBU50697,1
RBU50730,1
RBU50744,1
RBU24740,1
RBU50791,1
RBU50792,1
RBU50796,1
VBD40802,1
RWC40995,1
RBU50810,1
VBD26950,1
VBD26995,1
VBD27016,1
VBD27207,1
VBD27309,1
RBU50544,1
RBU50524,1
RBU50501,1
RBU50291,1
RBU66164,1
RBU66323,1
RBU66324,1
RBU66328,1
VBD49627,1
RBU66333,1
RBU66385,1
RBU60687,1
VBD46490,1
VBD47309,1
RBU50303,1
RBU50438,1
RBU50380,1
RBU50381,1
RBU50382,1
RBU50384,1
VBD40467,1
RBU50398,1
RWC40989,1
RBU50417,1
RBU50425,1
RBU50437,1
RBU65246,1
RBU65244,1
RBU62135,1
RBU62697,1
RBU62716,1
RBU62800,1
RBU62801,1
RBU63002,1
RBU63006,1
RBU63076,1
RBU63077,1
RBU63105,1
RBU63107,1
RBU63111,1
RBU63117,1
RBU63120,1
RBU63123,1
RBU63124,1
RBU63125,1
RBU63270,1
RBU63280,1
RBU64194,1
RBU64196,1
VBD47816,1
VBD47831,1
VBD47835,1
RBU64230,1
RBU62705,1
RBU62690,1
RBU65243,1
RBU62667,1
RBU62262,1
RBU62270,1
RBU62288,1
RBU62327,1
RBU62347,1
RBU62358,1
RBU62377,1
RBU62385,1
RBU62393,1
RBU62395,1
RBU62419,1
RBU62445,1
VBD47258,1
VBD47263,1
RBU62467,1
RBU62471,1
RBU62475,1
RBU62487,1
RBU62549,1
RBU62550,1
RBU62551,1
RBU62554,1
RBU62564,1
RWC41166,1
RBU64255,1
RBU64257,1
RBU64258,1
VBD48520,1
RBU64920,1
VBD48547,1
VBD48561,1
RBU64929,1
RBU64935,1
RBU64945,1
RBU64954,1
RBU64957,1
RBU64958,1
RBU64959,1
VBD48748,1
RBU64975,1
RBU64976,1
RBU65039,1
RBU65040,1
VBD48795,1
RBU65073,1
VBD48811,1
RBU65077,1
VBD48844,1
RBU65223,1
RBU65242,1
VBD48497,1
VBD48471,1
RBU64858,1
VBD48219,1
RBU64259,1
VBD47995,1
RBU64330,1
RBU64342,1
RBU64349,1
RBU64362,1
RBU64363,1
RBU64372,1
RBU64373,1
RBU64380,1
RBU64397,1
RBU64836,1
RBU64405,1
RBU64415,1
RBU64425,1
RBU64426,1
RBU64427,1
RBU64429,1
VBD48319,1
RBU64474,1
RBU64603,1
VBD48415,1
VBD40202,1
VBD40200,1
RBU63284,1
VBD31820,1
VBD31841,1
VBD31847,1
VBD31872,1
VBD31949,1
VBD31950,1
VBD31951,1
VBD31959,1
VBD31974,1
VBD32007,1
VWD15030,1
VBD32032,1
VBD32035,1
VBD32093,1
VBD18405,1
VBD32212,1
VBD32301,1
VBD32361,1
VBC45914,1
VBD32410,1
VBD32467,1
VBD32514,1
VBD32555,1
VBD32556,1
VBD31827,1
VBD12059,1
VBD32570,1
VBD31748,1
VBD30967,1
VBD30968,1
VBD30983,1
VBD30987,1
VBD30990,1
VBD30993,1
VBD31004,1
VBD31042,1
VBD31053,1
VBD31057,1
VBD31201,1
VBD31207,1
VBD31223,1
VBD31289,1
VBD31327,1
VBD31331,1
VBD31446,1
VBD31447,1
VBD31450,1
VBD31452,1
VBD31473,1
VBD31518,1
VBD31587,1
VBD32557,1
VBD32599,1
VBD39855,1
VBD33338,1
VBD33456,1
VBD33482,1
VBD33514,1
VBD33522,1
VBD33532,1
VBD33570,1
VBD33613,1
VBD33628,1
VBD33683,1
VBD33686,1
VBD33756,1
VBD33758,1
VBD33849,1
VBB74753,1
VBD34025,1
VBD34106,1
VBD34251,1
VBD34283,1
VBD34285,1
VBD34286,1
VBD34342,1
VBD34370,1
VBD34376,1
VBD33348,1
VBD19583,1
VBD32686,1
VBD33288,1
VBD32691,1
VBD32695,1
VBD32742,1
VBD32810,1
VBD32906,1
VBD32911,1
VBD26519,1
VBD32970,1
VBD32971,1
VBD32973,1
VBD32980,1
VBD32990,1
VBD32996,1
VBD33053,1
VBD33089,1
VBD33122,1
VBD33123,1
VBD33124,1
VBD33132,1
VBD33133,1
VBD33134,1
VBD33150,1
VBD33208,1
VBD30856,1
VBD30833,1
VBD30761,1
VBD49537,1
VBD49539,1
VBD49541,1
VBD49555,1
VBD49561,1
VBD49565,1
VBD49566,1
VWD15586,1
VBD49571,1
VBD49572,1
VBD49574,1
VBD49580,1
VBD49585,1
VBD49586,1
VBD49591,1
VBD49606,1
VBD49617,1
VBD49618,1
RBU66308,1
VBD49625,1
VBD49633,1
VBD49649,1
VBD49655,1
VBD49679,1
VBD49538,1
VBD49531,1
VBD30718,1
VBD49515,1
VBD49235,1
VBD49240,1
VBD49241,1
VBD49243,1
VBD49250,1
VBD49265,1
VBD49327,1
VBD49330,1
VBD49332,1
VBD49333,1
VBD49335,1
VBD49337,1
VBD49338,1
VBD49344,1
VBD49348,1
VBD49349,1
VBD49352,1
VBD49363,1
VBD49368,1
VBD49371,1
VBD49380,1
VBD49383,1
VBD49509,1
VBD49682,1
VBD42872,1
VWD14616,1
VBD43554,1
VBD29126,1
VWD14945,1
VBC72923,1
VBD29488,1
VBD29561,1
VBD29642,1
VBC90234,1
VBD29683,1
VBD29922,1
VBD29928,1
VWD14944,1
VBD27466,1
VBD30077,1
VWD14979,1
VBC92511,1
VBD30242,1
VBD30271,1
VBD30419,1
VBD30420,1
VBD30431,1
VBD30470,1
VBD30472,1
VBD30538,1
VBD29081,1
VBD28829,1
VBD28803,1
VBD28069,1
VBD44898,1
VBD44912,1
VBC36557,1
VBD45535,1
VBD45805,1
VBD46398,1
VBD46496,1
VBD46779,1
VBD46859,1
VBD27807,1
VWD14171,1
VBD28802,1
VBD28184,1
VBD28327,1
VBC76569,1
VBD28345,1
VBD28523,1
VBD28530,1
VBD28539,1
VBD28765,1
VBD28766,1
VBD28767,1
VBD34549,1
VBD34566,1
VBD34567,1
VBD41245,1
VBD41281,1
VBD41282,1
VBD41320,1
VBD41364,1
VBD41036,1
VBD41459,1
VBD41472,1
VBD41494,1
VBD41497,1
VBD41515,1
VBD41529,1
VBD41617,1
VBD41701,1
VBD41715,1
VBD41716,1
VBD41728,1
VBD41740,1
VBD41749,1
VBD41843,1
VBC98389,1
VBD42077,1
VBD42078,1
VBD42079,1
VBD41259,1
VBD41222,1
VBD39462,1
VWD15308,1
VBD39720,1
VBD39754,1
VBD39757,1
VBD39804,1
VBD39814,1
VBD40009,1
VWD15281,1
VBD40292,1
VBD40295,1
VWD15286,1
VBD40490,1
VBD40561,1
VBD40663,1
VBD40708,1
VBD40724,1
VWD15291,1
VBD40812,1
VBD40907,1
VBD40972,1
VBD40973,1
VBD41035,1
VBD41209,1
VBD41211,1
VBD42080,1
VBD42162,1
VBD42218,1
VBD42244,1
VBD44101,1
VBD44497,1
VBD44904,1
VBD44953,1
VBD45060,1
VBD25625,1
VBD25770,1
VBD12253,1
VBD13162,1
VBC88742,1
VBD13855,1
VBD31260,1
VBC59592,1
VBC56183,1
VBC27229,1
VBD29897,1
VWD13031,1
VBD33797,1
VBC92625,1
VBD42718,1
VBD42735,1
VBD42751,1
VBD42793,1
VBD44005,1
VBD43974,1
VBD43949,1
VBD43026,1
VBD42391,1
VBD42413,1
VBD42546,1
VBD42552,1
VBD42609,1
VBD42661,1
VBD42709,1
VBD42747,1
VBD42883,1
VBD43024,1
VBD43030,1
VBD43936,1
VBD43036,1
VBD43307,1
VBD43531,1
VBD43542,1
VBD43605,1
VBD27044,1
VBD43821,1
VBD43823,1
VBD43830,1
VBD43874,1
VBD39688,1
VBD39399,1
VBD34568,1
VBD35829,1
VBD35946,1
VBD36113,1
VBD36167,1
VBD36171,1
VBD36172,1
VWD15163,1
VBD36243,1
VBD36295,1
VBD36462,1
VBD36463,1
VBD36510,1
VBD35695,1
VBD35688,1
VBD36967,1
VBD37008,1
VWD15183,1
VBD37140,1
VBD37171,1
VBD37176,1
VBD37236,1
VBD37237,1
VBD37287,1
VBD37359,1
VBD35936,1
VBD35730,1
VBD39360,1
VBD35693,1
VBD34661,1
VBD34674,1
VBD34728,1
VBC97774,1
VWD15120,1
VBD34765,1
VBD34768,1
VBD34773,1
VBD34832,1
VBD34966,1
VBD34996,1
VBD35155,1
VBD35175,1
VBD35312,1
VBD35331,1
VBD35345,1
VBD23812,1
VBD35434,1
VBD35459,1
VBD35644,1
VBD35655,1
VWD13378,1
VBD35690,1
VBD37369,1
VBD37372,1
VBD37389,1
VBD37491,1
VBD38526,1
VBD38620,1
VBD38652,1
VBD38659,1
VBD38660,1
VBD38662,1
VBD38663,1
VBD38665,1
VWD15231,1
VBD38771,1
VBD38832,1
VBD38839,1
VBD38934,1
VBC95078,1
VBD38954,1
VBD39064,1
VBD39073,1
VWD15241,1
VBD39250,1
VWD15256,1
VBD39271,1
VBD39272,1
VBD39334,1
VBD38487,1
VBD38485,1
VBD38419,1
VBD37930,1
VBD37585,1
VBD37586,1
VBD37615,1
VBD37627,1
VBD37630,1
VBD37648,1
VBD37713,1
VBD37796,1
VBD37810,1
VBD37816,1
VBD20356,1
VBD38328,1
VBD37994,1
VBD38117,1
VBD38169,1
VBD38172,1
VBD38175,1
VBD38176,1
VBD38226,1
VBD38236,1
VBD38281,1
VBD38307,1
VBD49228,1
VBD49223,1
VBD49222,1
RBU62461,1
VBD47299,1
VBD47312,1
VBD47315,1
VBD47322,1
VBD47331,1
VBD47336,1
VBD47337,1
VBD47345,1
RBU62557,1
VBD47357,1
VBD47358,1
VBD47359,1
VBD47360,1
VBD47361,1
VBD47367,1
VBD47368,1
VBD47369,1
VBD47370,1
VBD47371,1
VBD47372,1
VBD47373,1
VBD47374,1
VBD47375,1
VBD47291,1
VBD47260,1
VBD47082,1
VBD47255,1
VBD47084,1
VBD47087,1
VBD47088,1
VBD47097,1
VBD47098,1
VBD47140,1
VBD47145,1
VBD47156,1
VBD47168,1
VBD47179,1
VBD47181,1
VBD47191,1
VBD47204,1
VBD47213,1
VBD47221,1
VBD47222,1
VBD47224,1
VWD15513,1
RWC41153,1
VBD47233,1
VBD47237,1
VBD47239,1
VBD47254,1
VBD47376,1
VBD47388,1
VBD47389,1
VBD47400,1
VBD47635,1
VBD47636,1
VBD47638,1
VBD47639,1
VBD47640,1
VBD47645,1
VWD15528,1
VBD47696,1
VWD15533,1
VBD47713,1
VBD47729,1
VBD47764,1
VBD47765,1
VBD47767,1
VBD47770,1
VBD47771,1
VBD47772,1
VBD47774,1
VBD47807,1
VBD47817,1
VBD47818,1
VBD47820,1
VBD47821,1
RBU63098,1
VBD47632,1
VBD47630,1
VBD47464,1
VBD47411,1
VBD47412,1
RBU62605,1
VBD47435,1
VBD47454,1
VBD47459,1
VBD47460,1
VBD47461,1
VBD47462,1
VBD47463,1
VBD47469,1
VBD47591,1
RBU62666,1
RBU62682,1
VBD47509,1
VBD47510,1
VBD47511,1
VBD47520,1
VBD47577,1
VBD47583,1
VBD47584,1
VBD47585,1
VBD47083,1
RBU62351,1
VBD47825,1
VBD46523,1
VBD46550,1
VBD46553,1
VBD46554,1
VBD46558,1
VBD46559,1
RBU61398,1
VWD15490,1
VBD46566,1
VBD46567,1
RBU61401,1
VBD46623,1
VBD46624,1
VBD46629,1
VBD46630,1
VBD46634,1
VBD46653,1
VBD46663,1
VBD46671,1
VBD46672,1
VBD46684,1
VBD46708,1
VBD46720,1
VBD46725,1
VBD46533,1
VBD46520,1
VBD47073,1
VBD46507,1
VBD46378,1
VBD46380,1
VBD46386,1
VBD46387,1
VBD46397,1
VBD46403,1
RBU61308,1
RBU61311,1
RBU61312,1
RBU61313,1
RBU61314,1
RBU61315,1
VBD46406,1
VBD46422,1
VBD46430,1
VBD46453,1
VBD46455,1
VBD46478,1
VBD46484,1
VBD46485,1
VBD46486,1
VBD46487,1
VBD46488,1
RBU61600,1
VBD46734,1
VBD46735,1
VBD46736,1
VBD46908,1
VBD46923,1
VBD46924,1
VBD46925,1
VBD46938,1
VBD46939,1
VBD46942,1
VBD46943,1
VBD46944,1
VBD46945,1
VBD46946,1
VBD46963,1
VBD46964,1
VBD46966,1
VBD46967,1
VBD46968,1
VBD46986,1
VBD47016,1
VBD47030,1
VBD47040,1
VBD47053,1
VBD47070,1
VBD47072,1
VBD46894,1
RBU62024,1
VBD46884,1
VBD46783,1
VWD15491,1
VBD46746,1
VBD46751,1
VBD46753,1
VBD46755,1
RBU61937,1
VBD46765,1
VBD46766,1
VBD46767,1
VBD46772,1
VBD46788,1
VBD46873,1
VBD46789,1
VBD46809,1
VBD46813,1
VBD46821,1
VBD46825,1
VBD46827,1
VBD46836,1
VBD46840,1
VBD46858,1
VBD46860,1
VBD47823,1
VBD47826,1
VBD49206,1
VBD48787,1
VBD48790,1
VBD48837,1
VBD48845,1
VBD48867,1
VBD48881,1
VBD48906,1
VBD48911,1
VBD48914,1
VBD48915,1
VBD48916,1
VBD48921,1
VBD48926,1
VBD48930,1
VBD48939,1
VBD48962,1
VBD48969,1
VBD48970,1
VBD48971,1
VBD48972,1
VBD48973,1
VBD48974,1
VBD48976,1
VBD48979,1
VBD48788,1
VBD48786,1
VBD48560,1
VBD48785,1
VBD48605,1
VBD48612,1
VWD15571,1
VBD48638,1
VBD48639,1
VBD48640,1
VBD48641,1
VBD48661,1
VBD48664,1
VBD48667,1
VBD48668,1
VBD48670,1
VBD48676,1
VBD48688,1
VBD48691,1
VBD48724,1
VBD48730,1
VBD48731,1
VBD48733,1
VBD48737,1
VBD48751,1
VBD48775,1
VBD48776,1
VBD48981,1
VBD48982,1
VBD48983,1
VBD48984,1
VBD49069,1
VBD49071,1
VBD49072,1
VBD49079,1
VBD49098,1
VBD49110,1
VBD49111,1
VBD49112,1
VBD49113,1
VBD49124,1
VBD49125,1
VBD49126,1
VBD49127,1
VBD49153,1
VBD49154,1
VBD49155,1
VBD49156,1
VBD49177,1
VBD49178,1
VBD49180,1
VBD49181,1
VBD49183,1
VBD49188,1
VBD49064,1
VBD49062,1
VBD49061,1
VBD49024,1
VBD48985,1
VBD48986,1
VBD48987,1
VBD48988,1
VBD48989,1
VBD48991,1
VBD48992,1
VBD48994,1
VBD49004,1
VBD49023,1
VBD49030,1
VBD49060,1
VBD49038,1
VBD49040,1
VBD49043,1
VBD49045,1
VBD49046,1
VBD49047,1
VBD49052,1
VBD49053,1
VBD49058,1
VBD49059,1
VBD48588,1
VBD48521,1
VBD47827,1
VBD47980,1
VBD47997,1
VBD47998,1
VBD47999,1
VBD48000,1
VBD48001,1
VBD48002,1
VBD48003,1
VBD48004,1
VBD48005,1
VBD48006,1
VBD48007,1
VBD48008,1
VBD48015,1
VBD48017,1
VBD48018,1
VBD48020,1
VBD48021,1
VBD48023,1
VBD48067,1
VBD48069,1
VBD48088,1
VBD48090,1
VBD48091,1
RBU64310,1
VBD47979,1
VBD48499,1
VBD47978,1
VBD47828,1
VBD47829,1
VBD47830,1
VBD47834,1
VBD47836,1
VBD47853,1
VWD15545,1
VWD15546,1
VBD47859,1
VBD47860,1
VBD47861,1
VBD47862,1
VBD47870,1
VBD47893,1
VBD47896,1
VBD47899,1
VBD47900,1
VBD47910,1
VBD47913,1
VBD47949,1
VBD47950,1
VBD47951,1
VBD47952,1
VBD48092,1
VBD48093,1
VBD48094,1
VBD48095,1
VBD48320,1
RBU64473,1
VBD48342,1
VBD48345,1
VBD48348,1
VBD48349,1
VBD48358,1
VBD48359,1
VBD48362,1
VBD48422,1
VBD48423,1
VBD48434,1
VBD48436,1
VBD48437,1
VBD48452,1
VBD48459,1
VBD48460,1
VBD48482,1
VBD48483,1
VBD48484,1
VBD48485,1
VBD48488,1
VBD48498,1
VBD48318,1
VBD48314,1
VBD48313,1
VBD48172,1
VBD48096,1
VBD48115,1
VBD48116,1
VBD48117,1
VBD48118,1
VBD48119,1
VBD48120,1
VBD48169,1
VBD48170,1
VBD48171,1
VBD48173,1
VBD48279,1
VBD48175,1
VBD48176,1
VBD48178,1
VBD48186,1
VBD48192,1
VBD48193,1
VBD48194,1
VBD48204,1
VBD48207,1
VWD15567,1
VBD42794,1
VBD42932,1
VBD43016,1
VBD19310,1
VBD19376,1
VBD19607,1
VBD19724,1
VBD19774,1
VBD19902,1
VBD19905,1
VBD19909,1
VBC88342,1
VBD20053,1
VBD20125,1
VBD20126,1
VBD20127,1
VBD20128,1
VBD20287,1
VBD20297,1
VBD20377,1
VBD20432,1
VBD20433,1
VBD20488,1
VBC65031,1
VBD21049,1
VBD21060,1
VBD21063,1
VBD19362,1
VBD19113,1
VBD16222,1
VBD18981,1
VBC81774,1
VBD16418,1
VBD16513,1
VBD16572,1
VBD16631,1
VBD16633,1
VBC98147,1
VBD16841,1
VWD14584,1
VBD00267,1
VWD14591,1
VBD17515,1
VBD17516,1
VBD17713,1
VBD17878,1
VBD17972,1
VBD01223,1
VBD18373,1
VBD18441,1
VBD02464,1
VBD18852,1
VBD18871,1
VBD18878,1
VBD21236,1
VBD21290,1
VBD21525,1
VBC79703,1
VBD23626,1
VBD23627,1
VBD23648,1
VBD23887,1
VBD23898,1
VBD23901,1
VBD23903,1
VBD23972,1
VBD24010,1
VBD24100,1
VBD24160,1
VBD24162,1
VBD24237,1
VBD24489,1
VBD24771,1
VBD24961,1
VBD25062,1
VBD25151,1
VBD25331,1
VBD25337,1
VBD25449,1
VWD14860,1
VBD25578,1
VBD23623,1
VBD23620,1
VBD23594,1
VBD22637,1
VBC79704,1
VBD21640,1
VBD21660,1
VBD22021,1
VBD22061,1
VBD22083,1
VBD22160,1
VBD11793,1
VBB86521,1
VBD22530,1
VBD22656,1
VBC95337,1
VBD22776,1
VBC66823,1
VBD16660,1
VBD23156,1
VBD23158,1
VBD23264,1
VBD23329,1
VBD23331,1
VBD23525,1
VBD23527,1
VBD16284,1
VWD14570,1
VBD25883,1
VBD04996,1
VBD05628,1
VBD05770,1
VBD05898,1
VBD06097,1
VBD06098,1
VBD06542,1
VBD06554,1
VBD06566,1
VBD06691,1
VBD07155,1
VBC74362,1
VBC91432,1
VBD07749,1
VBD07762,1
VBD07769,1
VBD08199,1
VBD08213,1
VBD08293,1
VBD08297,1
VBD08298,1
VBD08626,1
VBD09432,1
VBD09468,1
VBD05398,1
VBC88547,1
VBD16038,1
VBD04540,1
VBD00876,1
VBD00877,1
VBD01194,1
VBC31428,1
VBD01381,1
VBD01573,1
VBD01714,1
VBD01880,1
VBD02023,1
VBD02079,1
VBD02302,1
VBD02861,1
VWD14233,1
VBD03200,1
VBD03578,1
VBD03823,1
VBC66389,1
VBD03978,1
VBD03984,1
VBD04067,1
VBD04536,1
VBD04538,1
VBD04539,1
VBD09526,1
VBD09527,1
VBD09664,1
VBD09665,1
VBD12636,1
VBD12800,1
VBC48565,1
VBD12851,1
VBD12942,1
VBD13159,1
VBD13426,1
VBD13522,1
VBD13610,1
VBD13611,1
VWD14538,1
VBD13848,1
VBD13852,1
VBD13876,1
VBD13904,1
VBD14596,1
VBD14646,1
VBD15138,1
VBD15345,1
VBB63662,1
VBD15992,1
VBD16017,1
VBD16024,1
VBD12614,1
VBD12566,1
VBD12552,1
VBD11064,1
VBD09861,1
VBD10018,1
VBC89151,1
VBD10233,1
VBC84108,1
VBD10413,1
VBD10939,1
VBD10952,1
VBD10953,1
VBD11052,1
VBD11301,1
VBD12526,1
VBD11390,1
VBD11417,1
VBD11425,1
VBD11750,1
VBD11751,1
VBD11775,1
VBD11776,1
VBD11836,1
VBD12447,1
VBD12470,1
VBD25719,1
VBD25899,1
VBC62600,1
VBD34545,1
VBD34553,1
VBD34689,1
VBD34729,1
VBD34862,1
VBD35166,1
VBD35181,1
VBD35290,1
VBD35295,1
VBD35296,1
VBD35411,1
VBD35689,1
VBD35840,1
VBD35888,1
VBD35890,1
VBD35891,1
VBD35918,1
VBD35933,1
VBD36053,1
VBD35973,1
VBD36087,1
RBU44553,1
RBU44554,1
VBD36252,1
VBD34546,1
VBD34543,1
VBD32946,1
VBD34539,1
VBD32982,1
VBD33012,1
VWD15080,1
VBD33304,1
VBD33321,1
VBD33322,1
VWD15088,1
VBD33484,1
VBD33651,1
VBD33743,1
VBD33744,1
VBD33745,1
VBD33746,1
VBD33747,1
VBD33850,1
VBD34027,1
VBD34058,1
VBD34102,1
VBD34109,1
VBD34252,1
VBD34393,1
VBD34536,1
VBD34537,1
VBD36665,1
VBD36666,1
VBD36709,1
VBD36711,1
VBD38610,1
VBD38674,1
VBD38681,1
VBD38786,1
VBD38806,1
VBD39005,1
VBD39016,1
VBD39067,1
VBD39069,1
VWD15243,1
VWD15250,1
RWC40966,1
VBD39270,1
VBD39279,1
RBU49424,1
VBD39358,1
VBD39359,1
VWD15263,1
VBD39417,1
VBD39669,1
VBD39670,1
VBD39777,1
VBD39848,1
VBD38608,1
VBD38565,1
VWD15220,1
VBD37919,1
VBD36856,1
VBD36883,1
VBD36955,1
VBD10131,1
VBD37196,1
VBD37220,1
VBD37289,1
VBD37399,1
VBD37672,1
VBD37677,1
VBD38057,1
VBD38287,1
VBD38059,1
VBD38061,1
VBD38062,1
VBD38134,1
VBD38151,1
VBD38178,1
VBD38179,1
VWD15212,1
VBD38200,1
VWD15217,1
VBD32981,1
VWD15075,1
VBD26001,1
VBD28254,1
VBD28402,1
VBD28725,1
VBD28726,1
VBC29574,1
VBC29575,1
VBC29576,1
VBC29577,1
VBC29578,1
VBC29579,1
VBC29580,1
VBC29581,1
VBC29583,1
VBD29080,1
VBD29109,1
VBD29162,1
VBD29181,1
VBD18506,1
VBD29384,1
VBD29388,1
VBD29389,1
VBD29453,1
VWD10764,1
VBD29516,1
VBD28267,1
VBD28169,1
VBD32879,1
VBD28132,1
VBD26003,1
VBD26054,1
VBD26090,1
VBD26300,1
VBD09455,1
VBA55851,1
VBD26402,1
VBD26563,1
VBD26682,1
VBD26715,1
VBD26854,1
VBD27161,1
VBD27179,1
VBD27333,1
VBD27334,1
VBC82193,1
VBD16229,1
VBD27768,1
VBD27808,1
VBD27820,1
VBD22679,1
VBD27945,1
VBD27946,1
VBD29539,1
VBD29548,1
VBD29590,1
VWD14960,1
VBD31743,1
VWD15018,1
VBD31791,1
VBD31793,1
VBD31823,1
VBD31824,1
VBD32023,1
VBD32067,1
VBD32094,1
VBD32257,1
VBD32404,1
VBD32418,1
VWD15058,1
VBD32605,1
VBD32653,1
VBD32655,1
VBD32693,1
VBD32721,1
VBD32786,1
VBD32787,1
VBD32788,1
VBD32877,1
VBD32878,1
VBD31742,1
VBD31741,1
VBD31740,1
VWD14983,1
VBD17476,1
VBD29798,1
VBD29891,1
VBD29920,1
VBD29953,1
VBD29985,1
VBD30005,1
VBD30007,1
VBD30144,1
VBD30184,1
VBD30367,1
VBD31590,1
VBD30679,1
VBD30744,1
VBD30753,1
VBC99748,1
VBD30887,1
VBD30971,1
VBD31102,1
VBD31148,1
VBD31441,1
VBC92895,1
VBD00687,1
VBC02591,1
VBD43025,1
VBD34803,1
VBD35140,1
VBD35313,1
VBD35314,1
VBD35548,1
VBD35924,1
VBD36120,1
VBD36173,1
VBD36517,1
VBD37221,1
VBD37540,1
VBD37590,1
VBD20744,1
VBD38804,1
VBD38824,1
VBD39926,1
VBD39927,1
VBD40302,1
VBD40577,1
VBD41315,1
VWD15321,1
VBD41622,1
VBD42163,1
VBD42175,1
VBD35100,1
VBD34691,1
VBD09567,1
VBD34690,1
VBD29235,1
VBD29958,1
VBD30644,1
VBD30988,1
RBS75150,1
VBD31519,1
VBD31520,1
VBD31521,1
VBD31522,1
VBD31982,1
VBD32385,1
VBD32434,1
VBD32468,1
VBD32657,1
VBD32811,1
VBD33057,1
VBD33058,1
VBD03830,1
VBD33138,1
VBD33141,1
VBD33204,1
VBD34130,1
VBD34375,1
VBD42380,1
VBD42392,1
VBD42393,1
VBD43281,1
VWD14838,1
VBD16271,1
VBD16272,1
VBD16273,1
VBD41635,1
VBD34997,1
VBD37139,1
VBD45230,1
VBD45252,1
VBD45320,1
VBD45339,1
VBD45403,1
VBD45442,1
VBD45448,1
VBD45541,1
VBD45566,1
VBD45567,1
VBD45569,1
VBD45571,1
VBD45588,1
VBD45594,1
VWD15471,1
VWD15472,1
VWD15077,1
VBD45061,1
VBD44892,1
VBD16234,1
VBD30277,1
VBD30279,1
VBD20656,1
VBD43575,1
VBD43808,1
VBD44535,1
VBD44626,1
VBD45094,1
VBD45095,1
VBD45301,1
VBD04806,1
VBD25272,1
VBD44665,1
VBD20265,1
VBD44722,1
VBD05656,1
VBD12261,1
VWD15432,1
VBD44807,1
VBD44808,1
VBD44828,1
VBD44829,1
VBD01024,1
VBD28419,1
VBD45646,1
VBC88334,1
VBD44374,1
VBD44413,1
VBD44488,1
VBD44489,1
VBD44501,1
VAW66255,1
VAZ99588,1
VBA67177,1
VBA67178,1
VBA87665,1
RBP42121,1
VBB73160,1
VWD11145,1
RBR71473,1
VBB99440,1
VBC23513,1
VBC41845,1
VBC53156,1
RBS92261,1
VBC55714,1
VBC56228,1
VBC56231,1
VBC56232,1
VBD44358,1
VBD44334,1
VBD24580,1
VBD44325,1
VBD43034,1
VBD16019,1
VBD28220,1
VBD43101,1
VBD43289,1
VBD43328,1
VBD43543,1
VBD43544,1
VBD43596,1
VBD43710,1
VBD43712,1
VBD43824,1
VBD43826,1
VBD43827,1
VBD43934,1
VBD43986,1
VBD44114,1
VBD44159,1
VBD44171,1
VBD44192,1
VBD24922,1
VBD44304,1
VBD44316,1
VBC59100,1
VBC59217,1
VBC30934,1
VBC67482,1
RBU08251,1
VBC56235,1
VBD11497,1
VBD11581,1
VBD11749,1
VBD12195,1
RBT31389,1
RBT31390,1
VBD12463,1
VBC78968,1
VBD13033,1
VBD13296,1
VBD15221,1
VBC83711,1
VBD18276,1
VBD18489,1
VBD19544,1
VBD19899,1
VBD21189,1
VBD21807,1
VBD21943,1
VBD00343,1
VBD23361,1
VBD10205,1
VBD09812,1
VBD07646,1
RBT47502,1
VBC73016,1
VBC03455,1
VBC49323,1
VBC70147,1
VWD13516,1
VBC78492,1
VBC78967,1
VBC82180,1
VBC35511,1
VBC84997,1
VBC89369,1
VBD05689,1
VBC89368,1
VBC90695,1
VBC92313,1
VBC72781,1
VBC94462,1
VBC95102,1
VBD01150,1
VWD14188,1
VBD03417,1
VBD04248,1
VBD45644,1
VBD45661,1
VBC02590,1
VBD46276,1
VBD46729,1
VBD47182,1
VBD47422,1
VBC79017,1
VBC79220,1
VWD13155,1
VBC74357,1
VBC81088,1
VBC81220,1
VBC81592,1
VBC82435,1
VBC82436,1
VBC82917,1
VBC83130,1
VBC83183,1
VBC83564,1
VBC84086,1
VBC84111,1
VBC84376,1
VBC84927,1
VBC65074,1
VBC85425,1
VBC85519,1
VBD46459,1
VBD46238,1
VBD49080,1
VBD45575,1
VBD49123,1
RBU65660,1
VBD49149,1
VBD49162,1
VBD49172,1
VBD49176,1
VBD49197,1
VBD49417,1
VBD49436,1
VBD49512,1
VBD49522,1
VBD49532,1
VBD49533,1
VBD49612,1
VBD49660,1
VBD42885,1
VBD44931,1
VBD45258,1
VBD45300,1
VBD45568,1
VBD45570,1
VBD45572,1
VBD45573,1
VBC41025,1
VBC66825,1
VBC86335,1
VBC86564,1
VBC95681,1
VBC96037,1
VBC96170,1
VBC96491,1
VBC97390,1
VBC97564,1
VBC97573,1
VBC97703,1
VBC97704,1
VBC98106,1
VBC98343,1
VWD14123,1
VBC98629,1
VBC99251,1
VBC99419,1
VBC85121,1
VBC99696,1
VBC20315,1
VBC99749,1
VBC86809,1
VBC99869,1
VBC99975,1
VBD00589,1
VBC94780,1
VWD13408,1
VBC93438,1
VBC89732,1
VBC86993,1
VBC87496,1
VBC87668,1
VBC56198,1
VBC88344,1
VBC88906,1
VBC89522,1
VBC89527,1
VBC89528,1
VBC89600,1
VBC91173,1
VBC93218,1
VBC91439,1
VBC91440,1
VBC91912,1
VBC92883,1
VBC92912,1
VBC92934,1
VBC92972,1
VBC93063,1
VBC93190,1
VBC93191,1
RBU65640,1
VBD49066,1
VBD45765,1
VBD46643,1
VWD15495,1
VBD46804,1
VBD46816,1
VBD46839,1
VBD46880,1
VBD46881,1
VBD46911,1
VBD46913,1
VBD46914,1
VBD46916,1
VBD46932,1
VBD46949,1
VBD46974,1
VBD47013,1
VBD47014,1
VBD47017,1
VBD47183,1
VWD15512,1
VWD15515,1
VBD47363,1
VBD47382,1
VBD47419,1
VBD47424,1
VWD15493,1
VBD46612,1
VBD49027,1
VBD46610,1
VBD45766,1
VBD45767,1
VBD45772,1
VBD45781,1
VBD45832,1
VBD45913,1
VBD45938,1
VBD45972,1
VBD46080,1
VBD46106,1
VBD46107,1
VWD15483,1
VBD46122,1
VBD46132,1
VBD46134,1
VBD46174,1
VBD46324,1
VBD46391,1
VBD46440,1
VBD46441,1
VBD46462,1
VBD46464,1
VBD46473,1
VBD47450,1
VBD47451,1
VBD47477,1
VBD47479,1
VBD48280,1
VBD48325,1
VBD48400,1
VBD48429,1
VBD48431,1
VBD48432,1
VBD48486,1
VBD48491,1
VBD48541,1
VBD48543,1
VBD48734,1
VBD48735,1
VBD48736,1
VBD48770,1
VBD48826,1
VBD48855,1
VBD48910,1
VBD48949,1
VBD48952,1
VBD48978,1
VBD48998,1
VBD49000,1
VBD49001,1
VBD48277,1
VBD48272,1
VBD48271,1
VBD47961,1
VBD47494,1
VWD15523,1
VBD47646,1
VBD47647,1
VWD15530,1
VBD47702,1
VBD47812,1
VBD47864,1
VBD47943,1
VBD47960,1
VBD47972,1
VBD48269,1
VBD48010,1
VBD48011,1
VBD48098,1
VBD48099,1
VBD48108,1
VBD48182,1
VBD48234,1
VBD48261,1
VBD48262,1
VBD48268,1
VBD39365,1
VBD39394,1
VBD39409,1
RBU61039,1
RBU61041,1
RBU61054,1
RBU61055,1
RBU61282,1
RBU61285,1
RBU61291,1
RBU61293,1
RBU61330,1
RBU61331,1
RWC41137,1
RBU61334,1
RBU61362,1
RBU61382,1
RBU61383,1
RBU61399,1
RBU61402,1
RBU61403,1
RBU61404,1
RBU61412,1
RBU61415,1
RBU61418,1
RBU61419,1
RBU61422,1
RBU61040,1
RBU61038,1
RBU61429,1
RBU61034,1
RBU60968,1
RBU60969,1
RBU60970,1
RBU60972,1
RBU60974,1
RBU60975,1
RBU60976,1
RBU60977,1
RBU60978,1
RBU60979,1
RBU60980,1
RBU60981,1
RBU60983,1
RBU60984,1
RBU60985,1
RBU60986,1
RBU60987,1
RBU60988,1
RBU60989,1
RBU60992,1
RBU60993,1
RBU60994,1
RBU61002,1
RBU61423,1
RBU61489,1
VBD39624,1
RBU62059,1
RBU62064,1
RBU62086,1
RWC41146,1
RBU62108,1
RBU62109,1
RBU62111,1
RBU62112,1
RBU62113,1
RBU62114,1
RBU62119,1
RBU62120,1
RBU62121,1
RBU62157,1
RBU62158,1
RBU62159,1
RBU62161,1
RBU62162,1
RBU62200,1
RBU62274,1
RBU62275,1
RBU62276,1
RBU62277,1
RBU62278,1
RBU62060,1
RBU62041,1
RBU61490,1
RBU62040,1
RBU61492,1
RBU61511,1
RBU61527,1
RBU61550,1
RBU61551,1
RBU61552,1
RBU61559,1
RBU61562,1
RBU61566,1
RBU61577,1
RBU61583,1
RBU61585,1
RBU61587,1
RBU61590,1
RBU61593,1
RBU61594,1
RBU61595,1
RBU61608,1
RBU61609,1
RBU61980,1
RBU62019,1
RBU62037,1
RBU62039,1
RBU60966,1
RBU60964,1
RBU60962,1
RBU60250,1
RBU60254,1
RBU60257,1
RBU60258,1
RBU60259,1
RBU60276,1
RBU60544,1
RBU60545,1
RBU60647,1
RBU60694,1
RBU60695,1
RBU60696,1
RBU60700,1
RBU60701,1
RBU60702,1
RBU60704,1
RBU60722,1
RBU60734,1
RBU60741,1
RBU60742,1
RBU60745,1
RBU60747,1
RBU60748,1
RBU60750,1
RBU60251,1
RBU60249,1
RBU60961,1
RBU60243,1
RBU60096,1
RBU60097,1
RBU60102,1
RBU60109,1
RBU60110,1
RBU60112,1
RBU60113,1
RBU60114,1
RBU60116,1
RBU60121,1
RBU60124,1
RBU60126,1
RBU60131,1
RBU60149,1
RBU60157,1
RBU60177,1
RBU60178,1
RBU60221,1
RBU60236,1
RBU60237,1
RBU60238,1
RBU60239,1
RBU60240,1
RBU60757,1
RBU60772,1
RBU60789,1
RBU60790,1
RBU60929,1
RBU60932,1
RBU60933,1
RBU60934,1
RBU60936,1
RBU60937,1
RBU60939,1
RBU60940,1
RBU60941,1
RBU60943,1
RBU60945,1
RBU60946,1
RBU60947,1
RBU60949,1
RBU60951,1
RBU60952,1
RBU60953,1
RBU60955,1
RBU60956,1
RBU60957,1
RBU60958,1
RBU60959,1
RBU60960,1
RBU60927,1
RBU60925,1
RBU60923,1
RBU60898,1
RBU60821,1
RBU60829,1
RBU60852,1
RBU60877,1
RBU60878,1
RBU60883,1
RBU60886,1
RBU60887,1
RBU60893,1
RBU60897,1
RBU60901,1
RBU60922,1
RBU60905,1
RBU60910,1
RBU60911,1
RBU60912,1
RBU60914,1
RBU60915,1
RBU60916,1
RBU60917,1
RBU60918,1
RBU60919,1
RBU62279,1
RBU62280,1
RBU62281,1
RBU64443,1
RBU64768,1
RBU64834,1
RBU64835,1
VBD48442,1
RBU64852,1
RBU64861,1
RBU64862,1
RBU64872,1
RBU64909,1
RBU64926,1
RBU64933,1
RBU64936,1
RBU64939,1
RBU64980,1
RBU64983,1
RBU64984,1
RBU64985,1
RBU64986,1
RBU65010,1
RBU65014,1
RBU65015,1
RBU65016,1
RBU65017,1
RBU64481,1
RBU64440,1
RWC41167,1
RBU64438,1
RBU64326,1
RBU64328,1
RBU64333,1
RBU64334,1
RBU64336,1
RBU64354,1
RBU64361,1
RBU64369,1
RBU64370,1
RBU64371,1
RBU64376,1
RBU64378,1
RBU64379,1
RBU64404,1
RBU64409,1
RBU64414,1
RBU64417,1
RBU64424,1
RBU64428,1
RBU64430,1
RBU64431,1
RBU64435,1
RBU64437,1
RWC41172,1
RWC41173,1
RBU65019,1
RBU65026,1
RBU65643,1
RBU65644,1
RBU65646,1
RBU65647,1
RBU65648,1
RBU65650,1
RBU65651,1
RBU65652,1
RBU65653,1
RBU65655,1
RBU65657,1
RBU65658,1
RBU65659,1
RBU65661,1
RBU65663,1
RBU65664,1
RBU65665,1
RBU65666,1
RBU65667,1
RBU65668,1
RBU65669,1
RBU65670,1
RBU65671,1
RBU65539,1
RBU65308,1
RBU65307,1
RBU65239,1
RBU65027,1
RBU65033,1
RBU65034,1
RBU65044,1
RBU65079,1
RBU65225,1
RBU65227,1
RBU65236,1
RBU65237,1
RBU65238,1
VBD48955,1
RBU65306,1
VBD48956,1
VBD48957,1
VBD48958,1
RBU65266,1
RBU65290,1
RBU65295,1
RBU65299,1
RBU65300,1
RBU65302,1
RBU65305,1
RBU64318,1
RBU64312,1
RBU62282,1
RBU62458,1
RBU62474,1
RBU62480,1
RBU62483,1
RBU62485,1
RBU62486,1
RBU62490,1
RBU62491,1
RBU62500,1
RBU62514,1
RBU62515,1
RBU62535,1
RBU62566,1
RBU62567,1
RBU62585,1
RBU62592,1
RBU62606,1
RBU62625,1
RBU62647,1
RBU62648,1
RBU62650,1
RBU62651,1
RBU62653,1
RBU62654,1
RBU62459,1
RWC41154,1
RBU64311,1
RBU62446,1
RBU62284,1
RBU62285,1
RBU62325,1
RBU62340,1
RBU62343,1
RBU62344,1
RBU62349,1
RBU62357,1
RBU62389,1
RBU62394,1
RWC41149,1
RWC41150,1
RWC41151,1
RBU62408,1
RBU62409,1
RBU62418,1
RBU62430,1
RBU62431,1
RBU62432,1
RBU62433,1
RBU62434,1
RBU62435,1
RBU62437,1
RBU62655,1
RBU62656,1
RBU62662,1
RBU62708,1
RBU63299,1
RBU63300,1
RBU63472,1
RBU64199,1
RBU64200,1
VBD47873,1
RBU64232,1
RBU64233,1
RBU64236,1
RBU64264,1
RBU64266,1
RBU64285,1
RBU64286,1
RBU64287,1
RBU64288,1
RBU64290,1
RBU64291,1
RBU64292,1
RBU64295,1
RBU64297,1
RBU64298,1
RBU64300,1
RBU64306,1
RBU63298,1
RBU63268,1
RBU63130,1
RBU62990,1
RBU62710,1
RBU62711,1
RBU62715,1
RBU62732,1
RBU62733,1
RBU62735,1
RBU62755,1
RBU62776,1
RBU62954,1
RBU62956,1
RBU62991,1
RBU63128,1
RBU62996,1
RBU63003,1
RBU63004,1
RWC41157,1
RBU63092,1
RBU63093,1
RBU63099,1
RBU63103,1
RBU63110,1
RBU63116,1
RWC41122,1
RWC41121,1
RBU60049,1
RBU66185,1
RBU66215,1
RBU66253,1
RBU66255,1
RBU66262,1
RBU66302,1
RBU66303,1
RBU66304,1
RBU66305,1
RBU66306,1
RBU66312,1
RBU66313,1
RBU66314,1
RBU66315,1
RBU66316,1
RBU66317,1
RBU66318,1
RBU66319,1
RBU66325,1
RBU66344,1
RBU66345,1
RBU66347,1
RBU66348,1
RBU66349,1
RBU66213,1
RBU66181,1
RBU65876,1
RBU66180,1
RBU65893,1
RBU65933,1
RBU65934,1
RBU65939,1
RBU65940,1
RBU65950,1
RBU65956,1
RBU65957,1
RBU65963,1
RBU65975,1
RBU65984,1
RBU66014,1
RBU66016,1
RBU66018,1
RBU66027,1
RBU66095,1
RBU66110,1
RBU66112,1
RBU66113,1
RBU66114,1
RBU66176,1
RBU66177,1
RBU66179,1
RBU66350,1
RBU66351,1
RBU66352,1
RBU66353,1
RBU55988,1
RBU56042,1
RBU56050,1
RBU56051,1
RBU56056,1
RBU56059,1
RBU56078,1
RBU56080,1
RBU56081,1
RBU56084,1
RBU56086,1
RBU56091,1
RBU56108,1
RBU56110,1
RBU56154,1
RBU56155,1
RBU56157,1
RBU56158,1
RBU56162,1
RBU56163,1
RBU56164,1
RBU56173,1
RBU56174,1
RBU55984,1
RBU55966,1
RBU55965,1
RBU66384,1
RBU66354,1
RBU66355,1
RBU66356,1
RBU66357,1
RBU66358,1
RBU66359,1
RBU66360,1
RBU66361,1
RBU66362,1
RBU66375,1
RBU58563,1
RBU63087,1
RBU58960,1
RBU59253,1
RBU59254,1
RBU59338,1
RBU60206,1
RBU61377,1
RBU61494,1
RBU61997,1
RBU62441,1
RBU62977,1
RBU65877,1
RBU65873,1
RBU56176,1
RBU64908,1
RBU64911,1
RBU64912,1
RBU64916,1
RBU64917,1
RBU64927,1
RBU64930,1
RBU64931,1
RBU64942,1
RBU64963,1
RBU64964,1
RBU64973,1
RBU64988,1
RBU64989,1
RBU64990,1
RBU64992,1
RBU64993,1
RBU64995,1
RBU64996,1
RBU64997,1
RBU64999,1
RBU65002,1
RBU65003,1
RBU65006,1
RBU64910,1
RBU64907,1
RBU65872,1
RBU64906,1
RBU64829,1
RBU64830,1
RBU64832,1
VBD48443,1
VBD48444,1
VBD48455,1
RBU64857,1
RBU64859,1
RBU64860,1
RBU64863,1
RBU64868,1
RBU64869,1
RBU64877,1
RBU64894,1
RBU64895,1
RBU64896,1
RBU64897,1
RBU64898,1
RBU64899,1
RBU64900,1
RBU64901,1
RBU64902,1
RBU64905,1
RBU65032,1
RBU65042,1
RBU65043,1
RBU65071,1
RBU65748,1
RBU65750,1
RBU65773,1
RBU65774,1
RBU65775,1
RBU65776,1
RBU65777,1
RBU65778,1
VBD49301,1
RBU65782,1
RBU65783,1
RBU65784,1
RBU65785,1
RBU65798,1
RBU65799,1
RBU65807,1
RBU65812,1
RBU65839,1
RBU65857,1
RBU65858,1
RBU65859,1
RBU65862,1
RBU65871,1
RBU65736,1
RBU65734,1
RBU65732,1
RBU65232,1
RBU65072,1
RBU65075,1
RBU65145,1
RBU65147,1
RBU65148,1
RBU65149,1
RBU65150,1
RBU65228,1
RBU65230,1
RBU65231,1
RBU65233,1
RBU65726,1
RBU65257,1
RBU65268,1
RBU65280,1
RBU65316,1
RBU65487,1
RBU65488,1
RBU65534,1
RBU65536,1
RBU65537,1
RBU65710,1
RBU56175,1
RBU56237,1
RBU59681,1
RBU58372,1
RBU58380,1
RBU58393,1
RBU58394,1
RBU58395,1
RBU58396,1
RBU58400,1
RBU58407,1
RBU58408,1
RBU58423,1
RBU58433,1
RBU58434,1
RBU58435,1
RBU58535,1
RBU58536,1
RBU43529,1
RBU58546,1
VBD44765,1
RBU58556,1
RBU58559,1
RBU58568,1
RBU58569,1
RBU45800,1
RBU58818,1
RBU58378,1
RBU58357,1
RBU38707,1
RBU58267,1
RBU40911,1
RBU41121,1
RBU47822,1
RBU47852,1
RBU48631,1
RBU48653,1
RBU50872,1
RWC41005,1
RWC41006,1
RBU52339,1
RBU55664,1
RBU57424,1
VBD09877,1
RBU57467,1
RBU57469,1
RBU57531,1
RBU57726,1
VBD44582,1
RBU57830,1
RBU57975,1
RBT63275,1
RBU58264,1
RBU58266,1
RBU58820,1
RBU58837,1
RBU58881,1
RBU58882,1
RBU59327,1
RBU59328,1
RBU59372,1
RBU59373,1
RBU59380,1
RBU59384,1
RBU09922,1
RBU47761,1
RBU59391,1
RBU59392,1
RBU59412,1
RBU59430,1
RBU59434,1
RBU59436,1
RWC41112,1
RBU59457,1
RBU59458,1
RBU59593,1
RBU59610,1
RBU59611,1
RBU59619,1
RBU59669,1
RBU59674,1
RBU59326,1
RBU59277,1
RBU59238,1
RBU58976,1
RBU58906,1
RBU58912,1
RBU58915,1
RBU58916,1
RBU58951,1
RBU58957,1
RBU58958,1
RBU58972,1
RBU58974,1
RBU58975,1
RBU58977,1
RBU59045,1
RBU58985,1
RBU58992,1
RBU59021,1
RBU59022,1
RBU59023,1
RBU59024,1
RBU59027,1
RBU59028,1
RBU59036,1
RBU59037,1
RBU40221,1
RBU38112,1
RBU56328,1
RBU28414,1
RBU57202,1
RBU57212,1
RBU57339,1
RBU57340,1
RBU57407,1
RBU57409,1
RBU57410,1
RBU57411,1
RBU57413,1
RBI70785,1
RBI70790,1
RBR90698,1
RBR90699,1
RBR90700,1
RBR90702,1
RBR93807,1
RBR94806,1
RBR94807,1
RBJ47829,1
RBJ47830,1
RBT38074,1
RBT63803,1
RBT21777,1
RBU57184,1
RBU57168,1
RBU38107,1
RWC41083,1
RBU56329,1
RBU56345,1
RBU56372,1
RBU56818,1
RBU56902,1
RBU56922,1
RBU56935,1
RBU56941,1
RBU56954,1
RBU56959,1
RBU56961,1
RBU56972,1
RBU56973,1
RBT83843,1
RBU56987,1
RBU56992,1
RBU56995,1
RBU57005,1
RBU57006,1
RBU57007,1
RBU57014,1
RBU57069,1
RWC41081,1
RBT71341,1
RBT88116,1
RBT90731,1
RBT96950,1
RBU27647,1
RBU05582,1
RBU29991,1
RBU30258,1
RBU32487,1
RBU32488,1
RBU33287,1
RBU36026,1
RBU36029,1
RBU36053,1
RBU36054,1
RBU36057,1
RBU36061,1
RBU36063,1
RBU36067,1
RBU36069,1
RBU36070,1
RBU36140,1
RBU36149,1
RBU36675,1
RBU36700,1
RBU36860,1
RBU37770,1
RBU27452,1
RBU20074,1
RBU19503,1
RBU16246,1
RBT99487,1
RBU00657,1
RBU00667,1
RBU00670,1
RBU01198,1
RBU01222,1
RBU02851,1
RBU04687,1
RBU16077,1
RBU16230,1
RBU16939,1
RBU19502,1
RBU17254,1
RBU17271,1
RBU17281,1
RBU17309,1
RBU17311,1
RBU17313,1
RBU19498,1
RBU19499,1
RBU19500,1
RBU19501,1
RBU65672,1
RBU65673,1
RBU65674,1
VBD46640,1
VBD46647,1
VBD46652,1
VBD46657,1
VBD46677,1
VBD46680,1
VBD46683,1
VBD46686,1
VBD46693,1
VBD46702,1
VBD46705,1
VBD46706,1
RBU61598,1
VBD46733,1
VBD46739,1
VBD46748,1
VBD46815,1
VBD46820,1
VBD46822,1
VBD46829,1
VBD46831,1
VBD46866,1
VBD46870,1
VBD46877,1
VBD46645,1
VBD46620,1
VBD46471,1
VBD46618,1
VBD46476,1
VBD46477,1
VBD46481,1
VBD46483,1
VBD46499,1
RBU61395,1
VBD46560,1
VBD46561,1
VBD46569,1
VBD46573,1
VBD46578,1
VBD46582,1
VBD46596,1
VBD46597,1
VBD46599,1
VBD46600,1
VBD46601,1
VBD46605,1
VBD46606,1
VBD46613,1
VBD46614,1
VBD46615,1
VBD46616,1
VBD46886,1
VBD46888,1
VBD46893,1
VBD46973,1
VBD47316,1
VBD47377,1
VBD47399,1
VBD47407,1
VBD47408,1
VBD47420,1
VBD47421,1
VBD47430,1
VBD47441,1
VBD47471,1
VBD47472,1
VBD47474,1
VBD47475,1
VBD47476,1
VBD47480,1
VBD47481,1
VBD47486,1
VBD47488,1
VBD47489,1
RBU63081,1
VBD47597,1
VBD47629,1
VBD47637,1
VBD47314,1
VBD47305,1
VBD47298,1
VBD47041,1
VBD46975,1
VBD46976,1
VBD46977,1
VBD46981,1
VBD46987,1
VBD46990,1
VBD46999,1
VBD47024,1
VBD47026,1
VBD47037,1
VBD47055,1
VBD47297,1
VBD47081,1
VBD47119,1
RBU62368,1
RBU62371,1
RBU62373,1
VBD47194,1
VBD47229,1
RBU62443,1
VBD47234,1
VBD47296,1
VBD46475,1
VBD46469,1
VBD47651,1
VBD45559,1
VBD45561,1
VBD45565,1
VBD45579,1
VBD45583,1
VBD45584,1
VBD45585,1
VBD45613,1
VBD45638,1
VBD45639,1
VBD45640,1
VBD45656,1
VBD45711,1
VBD45712,1
VBD45713,1
VBD45715,1
VBD45716,1
VBD45717,1
VBD45769,1
VBD45779,1
VBD45788,1
VBD45794,1
VBD45816,1
VBD45845,1
VBD45560,1
VBD45558,1
VBD46452,1
VBD45556,1
VBD45345,1
VBD45346,1
VBD45347,1
VWD15459,1
VWD15462,1
VWD15464,1
VBD45421,1
VBD45438,1
VWD15465,1
VBD45479,1
VBD45480,1
VBD45484,1
VBD45516,1
VBD45519,1
VBD45527,1
VBD45528,1
VBD45534,1
VBD45543,1
VBD45544,1
VBD45548,1
VBD45551,1
VBD45552,1
VBD45553,1
VBD45867,1
VWD15477,1
VBD45891,1
VBD45908,1
VBD46255,1
VBD46257,1
VBD46259,1
VBD46260,1
VBD46261,1
VBD46277,1
VBD46280,1
VBD46304,1
VBD46313,1
VBD46343,1
VBD46344,1
VBD46346,1
VBD46363,1
VBD46365,1
VBD46366,1
VBD46373,1
VBD46374,1
VBD46414,1
VBD46418,1
VBD46419,1
VBD46433,1
VBD46442,1
VBD46444,1
VBD46254,1
VBD46253,1
VBD46252,1
VBD46117,1
VBD45910,1
VBD45911,1
VBD45947,1
VBD45949,1
VBD45967,1
VWD15481,1
VBD46078,1
VBD46082,1
VBD46089,1
VBD46105,1
VBD46119,1
VBD46243,1
VBD46120,1
VBD46126,1
VBD46145,1
VBD46152,1
VBD46167,1
VBD46169,1
VBD46182,1
VBD46216,1
VBD46219,1
VBD46226,1
VBD47648,1
VBD47652,1
VBD45343,1
VBD49202,1
VBD49208,1
VBD49209,1
VBD49211,1
VBD49213,1
VBD49214,1
VBD49215,1
VBD49229,1
VBD49231,1
VBD49233,1
VBD49244,1
VBD49255,1
VBD49258,1
VBD49261,1
VBD49281,1
VBD49294,1
VBD49307,1
VBD49329,1
VBD49360,1
VBD49415,1
VBD49425,1
VBD49426,1
VBD49428,1
VBD49510,1
VBD49207,1
VBD49193,1
VBD48831,1
VBD49189,1
VBD48856,1
VBD48865,1
VBD48866,1
VBD48876,1
VBD48880,1
VBD48884,1
VBD48886,1
VBD48934,1
VBD48935,1
VBD48936,1
VBD48940,1
VBD48941,1
VBD48942,1
VBD48943,1
VBD48944,1
VBD48959,1
VBD48961,1
VBD48997,1
VWD15580,1
VBD49077,1
VBD49099,1
VBD49147,1
VBD49157,1
VBD49520,1
VBD49521,1
VBD49524,1
VBD49526,1
VBD45451,1
VBD45576,1
VBD45578,1
VBD45600,1
VBD45664,1
VBD45714,1
VBD45718,1
VBD45768,1
VBD45770,1
VBD45814,1
VBD45817,1
VBD46079,1
VBD46156,1
VBD46457,1
RBU61388,1
VBD46619,1
VBD46833,1
VBD46869,1
VBD46872,1
VBD46983,1
RBU62399,1
RBU62400,1
VBD47252,1
VBD45315,1
VBD45314,1
VBD32345,1
VBD49608,1
VBD49527,1
VBD49528,1
VBD49529,1
VBD49530,1
VBD49562,1
VBD49570,1
RBU66042,1
VBD49592,1
VBD49593,1
VBD49607,1
VBD49615,1
VBD33527,1
VBD49619,1
VBD49620,1
VBD49621,1
VBD42976,1
VWD15387,1
VBD44107,1
VBD44518,1
VBD44803,1
VBD44847,1
VBD44848,1
VWD15579,1
VBD48830,1
VWD15526,1
VBD47986,1
VBD48012,1
VBD48024,1
VBD48068,1
RBU64364,1
VBD48198,1
VBD48199,1
VBD48200,1
VBD48201,1
VBD48202,1
VBD48203,1
VBD48210,1
VBD48211,1
VBD48212,1
VBD48213,1
VBD48214,1
VBD48215,1
VBD48222,1
VBD48235,1
VBD48240,1
VBD48253,1
VBD48257,1
VBD48259,1
VBD48274,1
VBD47987,1
VWD15562,1
VBD48829,1
VBD47970,1
VBD47775,1
VBD47813,1
VBD47856,1
VBD47857,1
VBD47863,1
VWD15547,1
VBD47871,1
VBD47883,1
VBD47884,1
VBD47918,1
VBD47919,1
VBD47933,1
VBD47937,1
VBD47939,1
VBD47941,1
VBD47945,1
RBU64253,1
VWD15561,1
VBD47955,1
VBD47962,1
VBD47966,1
VBD47967,1
VBD47968,1
VBD48278,1
VBD48303,1
VBD48304,1
VBD48308,1
VBD48745,1
VBD48746,1
VBD48755,1
VBD48758,1
VBD48764,1
VBD48767,1
VBD48768,1
VWD15574,1
VBD48781,1
VBD48792,1
VBD48794,1
VBD48796,1
VBD48798,1
VBD48799,1
VBD48800,1
VBD48801,1
VBD48802,1
VBD48803,1
VBD48804,1
VBD48806,1
VBD48821,1
VBD48827,1
VBD48828,1
VBD48744,1
VBD48743,1
VBD48656,1
VBD48439,1
VBD48310,1
VBD48323,1
VBD48324,1
VBD48326,1
VBD48328,1
VBD48329,1
VBD48353,1
VBD48420,1
VBD48421,1
VBD48438,1
RBU64870,1
VBD48643,1
VBD48534,1
VBD48535,1
VBD48536,1
VBD48537,1
VBD48578,1
VBD48592,1
VBD48598,1
VBD48617,1
VBD48637,1
VBD48642,1
VBD45344,1
VBD45342,1
RBU65675,1
VBD28807,1
VBD28862,1
VBD28863,1
VBD28986,1
VBC93320,1
VWD14617,1
VBD29591,1
VBD19063,1
VBD29768,1
VBD29780,1
VWD14965,1
VBD29900,1
VBD30151,1
VBD30181,1
VBD30189,1
VBD30190,1
VBD30198,1
VBD30269,1
RWC40300,1
VBD30675,1
VBD30985,1
VBD31317,1
VBD31461,1
VBD31466,1
VBD28823,1
VBC86840,1
VBD25055,1
VBD28458,1
VWD13937,1
VWD14876,1
VBC72613,1
VBD26848,1
VBD26851,1
VBD26940,1
VBC69727,1
VBD27045,1
VBD27087,1
VBD27274,1
VBD08597,1
VBD27461,1
VBD27779,1
VBD27962,1
RBU32311,1
RBU32322,1
RBU32329,1
RBU32331,1
RBU32333,1
VBD05297,1
VBD17194,1
VBC83582,1
VBD28372,1
VBD31486,1
VBD31685,1
VWD15017,1
VBD31801,1
VBD33814,1
VBD25959,1
VBD34250,1
VBD34513,1
VBD34802,1
VBC68348,1
VBD35387,1
VBD35756,1
VBD28082,1
VBD36117,1
VBD36290,1
VBD36291,1
VBD36359,1
VBD36364,1
VBD36365,1
VBD01550,1
VBD36695,1
VBD36719,1
VBD36855,1
VBD36874,1
VBD36878,1
VBD37206,1
VBD37240,1
VBD33805,1
VBD33764,1
VBD33633,1
VBD32366,1
VBD31805,1
VBD31947,1
VBD32025,1
VBD32027,1
VWD15029,1
VBD32034,1
VBD32069,1
VBD32197,1
VBD32202,1
VBD32360,1
VBD32431,1
VBD33464,1
VBD32432,1
VBD32442,1
VBD32448,1
VBD32647,1
VBD32859,1
VBD32862,1
VBD33049,1
VBD33051,1
VBD18288,1
VBD33362,1
VBD25458,1
VBD25054,1
VBD37689,1
RBU65792,1
RBU65795,1
RBU65796,1
RBU65817,1
RBU65818,1
RBU65820,1
RBU65822,1
RBU65835,1
RBU65836,1
RBU65837,1
RBU65843,1
RBU65852,1
RBU65853,1
RBU65860,1
RBU65866,1
RBU65869,1
RBU65948,1
RBU65951,1
RBU65952,1
RBU65953,1
RBU65960,1
RBU65966,1
RBU65971,1
RBU65973,1
RBU65793,1
RBU65790,1
VBD03207,1
RBU65789,1
RBU65676,1
RBU65677,1
RBU65700,1
RBU65721,1
RBU65723,1
RBU65731,1
RBU65733,1
RBU65743,1
RBU65745,1
RBU65755,1
RBU65758,1
RBU65763,1
RBU65779,1
RBU65780,1
RBU65781,1
VBD49295,1
VBD49296,1
VBD49297,1
VBD49298,1
VBD49299,1
VBD49300,1
RBU65787,1
RBU65788,1
RBU66172,1
RBU66309,1
RBU66331,1
RBU66332,1
VBD17134,1
VBD17253,1
VBD17840,1
VBD18020,1
VBD18083,1
VBD18128,1
VBD18025,1
VBD18026,1
VBD19599,1
VBD20139,1
VBD03641,1
VWD14706,1
VBD21134,1
VBD21862,1
VBD21894,1
VBD21946,1
VBD22642,1
VBD22755,1
VBD23673,1
VBC59623,1
VWD14828,1
VBD24727,1
VBD24868,1
VBD17065,1
VBD16835,1
VBD16705,1
RBU60881,1
RBU66376,1
RBU66378,1
RWC41179,1
RBU55477,1
RWC41082,1
RWC41084,1
RBU58948,1
RBU59459,1
RBU60705,1
RBU60880,1
RBU60928,1
VBD16681,1
RBU60944,1
RBU61001,1
RBU62593,1
VBD15344,1
VBD15435,1
VBD15616,1
VBD15982,1
VBD16090,1
VBD16385,1
VBD16386,1
VBD37414,1
VBD38105,1
VBD45341,1
VBD44873,1
VBD44913,1
VBD38149,1
RBU58933,1
VBD44959,1
VBD44965,1
VBD44970,1
VBD44971,1
VBD44994,1
VBD44995,1
VBD44997,1
VBD44998,1
VBD45014,1
VBD45018,1
VBD45026,1
VBD45027,1
VBD45030,1
VBD45064,1
VBD45072,1
VBD45086,1
RBU59284,1
RBU59285,1
VBD45104,1
VBD45107,1
VBD44883,1
VBD36697,1
VBD36213,1
VBD44843,1
VBD35316,1
VBD44724,1
VBD44725,1
VBD36576,1
VBD28367,1
VBC91856,1
VBD18885,1
VBD38687,1
VBD19931,1
VBD44791,1
VBD44792,1
VBD44793,1
VBD37478,1
VBD44800,1
VBD44806,1
VBD44810,1
VBD27496,1
VBC13353,1
VBC81191,1
VBD44821,1
VBD27233,1
VBD27234,1
VBD44840,1
VBD45111,1
VBD45112,1
VBD45113,1
VBD45114,1
VBD27428,1
VBD28448,1
VBD44229,1
VBD19429,1
VBD22476,1
VBD33212,1
RWC41109,1
VBD45215,1
VBD45216,1
VWD15451,1
VBD45257,1
VBD45274,1
VBD45294,1
VBD45298,1
VBD45329,1
VBD45330,1
VBD45331,1
VBD45332,1
VBD45334,1
VBD45335,1
VBD45336,1
VBD45337,1
VBD45338,1
VBD36691,1
VBD17244,1
VBD42952,1
VBD24170,1
VBD45115,1
VBD45116,1
VBD45117,1
VBD45118,1
VBD45122,1
VBC43594,1
VBC90882,1
VBD36890,1
VBD28417,1
RBU50938,1
VBD42699,1
VBD45208,1
VBD30301,1
VBD02346,1
VBD05601,1
VBD42196,1
VBD42198,1
VBD35950,1
VBD03778,1
VBD21248,1
VBD26331,1
VBD16347,1
VBD44723,1
VBD42140,1
VWD15209,1
VBD39808,1
VBD39812,1
VBD39813,1
VBD39846,1
VBD40193,1
VBD40259,1
VBD40271,1
VBD40282,1
VBD40297,1
VBD40318,1
VBD40415,1
VBD40502,1
VWD15293,1
VBD28812,1
VBD41213,1
VBD41277,1
VBD41352,1
VBD41381,1
VBD41391,1
VBD41436,1
VBD41458,1
VBD21963,1
VBD41460,1
VBD25768,1
VBD39809,1
VBD25074,1
VBD44686,1
VWD15278,1
VWD15213,1
VBD12061,1
VBD38220,1
VBD38246,1
VBD38382,1
VBD38573,1
VBD38627,1
VBD38628,1
VBD38927,1
VBD36876,1
VBD38952,1
VBD38958,1
VBD38998,1
VBC89519,1
VBD39290,1
VBD39300,1
VBD39372,1
VBD39380,1
RWC39495,1
VBD39451,1
VBD39701,1
VBD39703,1
VBD39711,1
VBD41783,1
VBD41798,1
VWD15328,1
VBD41973,1
VBD44296,1
VBD44410,1
VBD44492,1
VBD44514,1
VBD44520,1
VBD44524,1
VBD44593,1
VBD21735,1
VBD45039,1
VBD37362,1
VBD20972,1
VBD24844,1
VBD44546,1
RWC41094,1
VBD37145,1
VBD44579,1
VBD35317,1
VBD44592,1
VBD44615,1
RBU57839,1
VBD44656,1
VBD44670,1
VBD44676,1
VBD44288,1
VBD44287,1
VBD44254,1
VBD42829,1
VBD42092,1
VBD42093,1
VBD42152,1
VBD42338,1
VBD42612,1
VBD42665,1
VBD42667,1
VBD42686,1
VBD42724,1
VBD42820,1
VBD29892,1
VBD44040,1
VBD42869,1
VBD42873,1
VBD42881,1
VBD42970,1
VBD43015,1
VBD43549,1
VBD03642,1
VBD43991,1
VBD44031,1
VBD44039,1
RBU64828,1
RBU64827,1
RBU64826,1
RBT86829,1
RBU45193,1
RBU45195,1
RBU45196,1
RBU45197,1
RBU45198,1
RBU45199,1
RBU45200,1
RBU45204,1
RBU45206,1
RBU45207,1
RBU45208,1
RBU45209,1
RBU45210,1
RBU45521,1
RBU45539,1
RBU45541,1
RBU46233,1
RBT65260,1
RBU57595,1
RBU57603,1
RBU57604,1
RBU57605,1
RBU57606,1
RWC40921,1
RBU43969,1
RBU38655,1
RBT00371,1
RBU38706,1
RBU39063,1
RBU39151,1
RBU39160,1
RWC39974,1
RBU40220,1
RBU38302,1
RBT00372,1
RBT79874,1
VBD33838,1
RBU28002,1
RWC40243,1
RBU41542,1
RBT47307,1
RBU42058,1
RBU42123,1
RBU25116,1
RBU42311,1
RBU42342,1
RBU42484,1
RBU42560,1
RBU43110,1
RBU43568,1
RBU57608,1
RBU57609,1
RBU57610,1
RBU57806,1
RBU36352,1
VBD44763,1
RWC41097,1
RWC41098,1
RWC41099,1
RBU58566,1
VBD44827,1
RBS99514,1
RBU40491,1
RBU05843,1
RBU58923,1
RBU58927,1
RBU58929,1
RBU58931,1
RBU58938,1
RBU58940,1
RBU58941,1
RBU58942,1
RBU58944,1
RBU58945,1
RBU58947,1
RBU59031,1
RWC41107,1
RBU58534,1
RBU58532,1
RBU58527,1
RBU58499,1
RBU36845,1
RBT90975,1
RBU58151,1
RWC38605,1
RBU58443,1
RBU58483,1
RBU58484,1
RBU58486,1
RBU58487,1
RBU58488,1
RBU58504,1
RBU58523,1
RBU58505,1
RBU58507,1
RBU58508,1
RBU58509,1
RBU58510,1
RBU58511,1
RBU58512,1
RBU58516,1
RBU58520,1
RBU58522,1
RBU38705,1
RBU13166,1
RBU59046,1
RBU12866,1
RBU15198,1
RBU15633,1
RBT86830,1
RWC40499,1
RBU16377,1
RBK04058,1
RBU17400,1
RBU18498,1
RBU19167,1
RWC40534,1
RBU19609,1
RBU19859,1
RBU19913,1
RBU19914,1
RWC34244,1
RWC40559,1
VBD19861,1
RWC40566,1
RWC40568,1
RWC40327,1
RWC40156,1
RBU20709,1
RBU21291,1
RBS73839,1
RBS94986,1
RBU37082,1
RBT26994,1
RBT97557,1
RBT97673,1
RBT97976,1
RBT97977,1
RBT98452,1
RBT99577,1
RBU00498,1
RBU01488,1
RBU02164,1
RBU02741,1
RBU02928,1
RWC40328,1
RBU04085,1
RBU05308,1
RBU06618,1
RBU06793,1
RBU07735,1
RBU07780,1
RBU10466,1
RBU11249,1
RBU11250,1
RWC37123,1
RBU11705,1
RBU22767,1
RBU22769,1
RBU22967,1
RBT97844,1
RBU30830,1
RBU31074,1
RBU31190,1
RBU31191,1
RBU32302,1
RBU32339,1
RBU32632,1
RBU32905,1
RBU33072,1
RBU33120,1
RBT32013,1
RBU33570,1
VBD29674,1
RBU34078,1
RBU32515,1
RBU34385,1
RBU34515,1
RBU34561,1
RBU35030,1
RBU36714,1
RBU36769,1
RBU36853,1
RBU36854,1
RBU30737,1
RBT74221,1
RBT92053,1
RBU28464,1
RBU23732,1
RBU24065,1
RBU24123,1
RBU24154,1
RBU24518,1
RBU24952,1
RBU27155,1
RBR83920,1
RBU27206,1
RBT86761,1
RBS57514,1
RBU30081,1
RWC40078,1
RBU07446,1
RBT69717,1
RBU29471,1
RBU29622,1
RBU29626,1
RBU29630,1
RBU29632,1
RBU29634,1
RBU29689,1
RBU59044,1
RBU59051,1
RBT97097,1
RBU61052,1
RBU61273,1
RBU61276,1
RBU61280,1
RBU61323,1
RBU61324,1
RBU61329,1
RBU61363,1
RBU61396,1
RBU61406,1
RBU61420,1
RBU61421,1
RBU61430,1
RBU61482,1
RBU61483,1
RBU61507,1
RBU61508,1
RBU61512,1
RBU61514,1
RBU61515,1
RBU61517,1
RBU61525,1
RBU61526,1
RBU61528,1
RBU61242,1
RBU61051,1
RBU60755,1
RBU61050,1
RBU60758,1
RBU60759,1
RBU60774,1
VBD46157,1
RBU60785,1
RBU60786,1
RBU60787,1
VBD46183,1
RBU60859,1
RBU60861,1
RBU60864,1
RBU60865,1
RBU60866,1
RBU60867,1
RBU60870,1
RBU60871,1
RBU60872,1
RBU60892,1
RBU61023,1
RBU61033,1
RBU61046,1
RBU61047,1
RBU61048,1
RBU61548,1
RBU61549,1
RBU61560,1
RBU61561,1
RBU62016,1
RBU62021,1
RBU62025,1
RBU62026,1
RBU62030,1
RBU62031,1
RBU62032,1
RBU62033,1
RBU62042,1
RBU62062,1
RWC41144,1
RBU62072,1
RBU62075,1
RBU62076,1
RBU62083,1
RWC41145,1
RWC41147,1
RBU62134,1
RBU62140,1
RBU62144,1
RBU62148,1
RBU62167,1
RBU62199,1
RBU62012,1
RBU62010,1
RBU62009,1
RBU61975,1
VBD46703,1
RBU61690,1
RBU61743,1
RBU61772,1
RBU61845,1
RBU61851,1
RBU61971,1
RBU61972,1
RBU61973,1
RBU61974,1
RBU61976,1
RBU62008,1
RBU61977,1
RBU61979,1
RBU61982,1
RBU61994,1
RBU61995,1
RBU61996,1
RBU62002,1
RBU62003,1
RBU62004,1
RBU62007,1
RBU60756,1
RBU60753,1
RBU59250,1
RBT80064,1
RBU59389,1
RBU59390,1
RBU59398,1
RBU59399,1
RBU59400,1
RBU59401,1
RBT36708,1
RWC41110,1
RBU59426,1
RBU59590,1
RBU59597,1
RBU59603,1
RBU59612,1
RBU59613,1
RBU59614,1
RBU59615,1
RBU59616,1
RBU59618,1
RBU59640,1
RWC41114,1
RWC41115,1
RWC41116,1
RBU59666,1
RBU59388,1
VWD15449,1
RBU60751,1
RBU28937,1
VBD45096,1
VBD45097,1
VBD45098,1
VWD14065,1
RBU59270,1
RBU59271,1
RBU59272,1
RBU59273,1
RBU59274,1
RBU59281,1
RBU59282,1
RBU59318,1
RBU59322,1
RBU59329,1
RBU59337,1
RBU59366,1
RBU13083,1
RBT89808,1
RBU11284,1
RBU07618,1
RBU07619,1
RBU11523,1
RBU25796,1
RWC40014,1
RBU60034,1
RBU60086,1
RBU60088,1
RBU60560,1
RBU60561,1
RBU60562,1
RBU60563,1
RBU60565,1
RBU60573,1
RBU60574,1
RBU60575,1
RBU60576,1
RBU60577,1
RBU60578,1
RBU60579,1
RBU60580,1
RBU60583,1
RBU60587,1
RBU60607,1
RBU60680,1
RBU60681,1
RBU60690,1
RWC41128,1
VBD46124,1
RBU60733,1
RBU60738,1
RBU60559,1
RBU60558,1
RBU60557,1
RBU60205,1
RBU60147,1
RBU60152,1
RBU60155,1
RBU60156,1
RBU60176,1
RBU60182,1
RBU60184,1
RWC41123,1
RBU60191,1
RWC41124,1
RBU60207,1
RBU60535,1
RBU60215,1
RBU60218,1
RBU60219,1
RBU60220,1
RBU60242,1
RBU60262,1
RBU60263,1
RBU60278,1
RBU60526,1
RBU60527,1
RBT97403,1
RBT96708,1
RBU62291,1
VBC20765,1
VBC52165,1
VBC56904,1
VBC60853,1
VBC61849,1
VBC81200,1
VBC81979,1
VBC87737,1
VBC82916,1
VBC92104,1
VBC93254,1
VBC97080,1
VBC99467,1
VBD01697,1
VBD09641,1
VBD10208,1
VBD16198,1
VBD16199,1
VBD16220,1
VBD16452,1
VBC85582,1
VBD20068,1
VBD21753,1
VBD22073,1
VBC44910,1
VBC10044,1
VBD43908,1
VBB92220,1
VBD43968,1
VBD44045,1
VBD44046,1
VBD44106,1
VBD44152,1
VBD13741,1
VBD44200,1
VBD44201,1
VBD44203,1
VBD44235,1
RBU57053,1
VBD41707,1
VBD44498,1
VWD15424,1
VAZ50856,1
VAZ68166,1
VBA03255,1
VBA03256,1
VAJ97356,1
VBA76142,1
VBA76143,1
VBB32468,1
VBB81676,1
RWC40637,1
VBD25699,1
VBD25700,1
VBD25701,1
VBD40772,1
VBD01014,1
VBD42554,1
VBD44154,1
VBD23195,1
VBD44773,1
VBD44553,1
VBD44554,1
VBD44561,1
VBD26845,1
VBD44619,1
VBD44649,1
VWD13955,1
VWD15435,1
VBD44787,1
VBD44789,1
VBD44838,1
VBD44919,1
VBD44937,1
VBD45085,1
VBD45119,1
VBD25572,1
VBD21310,1
VBD39839,1
VBD39459,1
VBD39411,1
VBD31333,1
VBD25702,1
VBD25704,1
VBD25705,1
VBD25707,1
RBU32325,1
VBD28234,1
RBU33012,1
VBD28987,1
VBD29071,1
VBD29402,1
VBD32409,1
VBD39387,1
VBD32530,1
VBD33337,1
VBD34818,1
VBD35964,1
VBD36885,1
VBD36968,1
VBC87693,1
VBD38116,1
VBD38967,1
RBU48960,1
VBD43939,1
VBD43839,1
VBD45302,1
VBD40528,1
VBD40598,1
VBD40680,1
VBD40693,1
VBD40733,1
VBD40734,1
VBD40735,1
VBD40736,1
VBD40765,1
VBD40809,1
VBD40930,1
VBD40931,1
VBD40936,1
VBD41038,1
VBD41346,1
VBD41353,1
VBD41438,1
VBD41439,1
VBD41451,1
VBD41468,1
VBD41506,1
VBD41507,1
VBD41594,1
VBD41609,1
VBD40589,1
VBD40510,1
VBD43709,1
VBD40509,1
VBD39625,1
VBD39630,1
VBD39631,1
VBD39694,1
VBD39699,1
VBD39724,1
VBD39725,1
VBD39762,1
VBD39775,1
VBC76150,1
VBD39942,1
VBD39953,1
VBD39954,1
VBD39955,1
VBD39981,1
VBD39999,1
VBD40000,1
VBD40001,1
VBD40185,1
VBD40276,1
VBD40293,1
VBD40410,1
VBD40493,1
VBD41610,1
VBD41694,1
VBD41710,1
VBD41712,1
VBD31314,1
VBD44691,1
VBD01015,1
VBD17385,1
VBD17386,1
VBD33588,1
VBD42680,1
VBD42890,1
VBD42891,1
VBD42892,1
VBD42893,1
VWD15123,1
VBD43060,1
VBD43120,1
VBD43138,1
VBD43195,1
VBD43202,1
VBD43261,1
VBD43264,1
VBD43558,1
VBD43577,1
VBD43704,1
VBD43705,1
VBD44491,1
VBD44403,1
VBD44104,1
VBD42306,1
VBD41795,1
VBD41829,1
VBD41920,1
VBD41921,1
VBD41969,1
VBD41970,1
VBD41971,1
VBD42160,1
VBD42164,1
VBD42282,1
VBD42310,1
VBD43879,1
VBD42488,1
VBD42553,1
VBD42627,1
VBD42628,1
VBD42629,1
VBD42657,1
VBD42807,1
VBD28991,1
VBD42913,1
VBD43087,1
RBU59393,1
VWD15454,1
RBT95663,1
VBD47091,1
VBD47093,1
RBS94745,1
RBS82751,1
RBT10194,1
RBT15537,1
RBS18474,1
RBT16400,1
RBT17949,1
RBT20132,1
RWC39324,1
RBT21511,1
RBT21513,1
RBT24530,1
RBT26677,1
RBT29901,1
RBT30716,1
RBT31288,1
RBS28007,1
RBT32399,1
RBT32405,1
RBT33141,1
RWC39558,1
RBT36522,1
VBD47092,1
VBD46747,1
VBD49375,1
VBD46603,1
VBD49389,1
VBD49435,1
VBD49535,1
VBD49547,1
VBD49548,1
VBD49549,1
VBD49550,1
VBD49551,1
VBD49567,1
RBU66083,1
RBU66092,1
RBU66094,1
RBU66096,1
RBU66098,1
RBU66101,1
RBU66105,1
VBD49609,1
VBD39810,1
VBD45303,1
VBD45353,1
VBD45659,1
VBD45660,1
VBD46170,1
RAQ40166,1
RBT37604,1
RBT38117,1
RBS62669,1
RBT74875,1
RBR84096,1
RWC40000,1
RBT08380,1
RBT77513,1
RBT21164,1
RBT82284,1
RBT82446,1
RBT82591,1
RBT83320,1
RBP36523,1
RBT86293,1
RBT86361,1
RBT87068,1
RBT88212,1
RBT90315,1
RBT91243,1
RBT91540,1
RBT91541,1
RBT91542,1
RBT65353,1
RWC40209,1
RBT95644,1
RBT74827,1
RBS09480,1
RBI37228,1
RBT46641,1
RAQ40174,1
RBT40987,1
RWC39682,1
RBT43028,1
RBT44219,1
RBT44671,1
RBT44670,1
RBT45175,1
RBT45279,1
RBT46010,1
RBT63764,1
RBT74014,1
RBT64586,1
RBT64610,1
RBS68803,1
RBT65392,1
RBT66206,1
RBT66868,1
RBT72003,1
RBT72244,1
RBT72676,1
RBM94322,1
VBD49387,1
VBD49319,1
VBD45372,1
VBD46661,1
VBD46699,1
VBD46761,1
VBD46774,1
VBD46828,1
VBD46837,1
VBD47004,1
VBD47205,1
VBD47248,1
VWD15514,1
VBD47318,1
VBD47323,1
VBD47324,1
VBD47325,1
RBU62641,1
RBU62642,1
VBD47628,1
VWD15527,1
VBD47700,1
VBD47712,1
VBD47788,1
VBD47858,1
VBD47946,1
VBD47965,1
VBD46678,1
VBD46549,1
VBD49318,1
VBD46531,1
VBD45483,1
VBD45525,1
VBD45637,1
VBD45654,1
VBD45655,1
VBD45812,1
VBD45821,1
VBD45828,1
VWD15478,1
VBD45903,1
VBD46115,1
VWD15484,1
VBD46164,1
VBD46165,1
VBD46172,1
VBD46173,1
VBD46176,1
VBD46177,1
VBD46178,1
VBD46225,1
VBD46332,1
VBD46362,1
VBD46521,1
VBD47969,1
VBD47971,1
VBD47973,1
VBD47974,1
VBD48636,1
VBD48677,1
VBD48702,1
VBD48749,1
VBD48807,1
VBD48846,1
VBD48847,1
VBD48848,1
VBD48849,1
VBD48850,1
VBD48851,1
VBD48852,1
VBD48853,1
VBD48885,1
VBD48928,1
VBD49187,1
VBD49217,1
VBD49225,1
VBD49227,1
VBD49251,1
VBD49254,1
RBU65815,1
RBU65816,1
VWD15570,1
VBD48548,1
VBD48487,1
VBD48105,1
VBD47975,1
VBD48065,1
VBD48078,1
VBD48084,1
VBD48085,1
VBD48086,1
VBD48101,1
VBD48102,1
VBD48103,1
VBD48104,1
VBD48106,1
VBD48414,1
VBD48107,1
VBD48177,1
VBD48284,1
VBD48285,1
VBD48286,1
VBD48321,1
VBD48322,1
VBD48327,1
VBD48351,1
VBD48352,1
RBU62289,1
RBU62319,1
RBU64825,1
RBU60581,1
RBU60600,1
RBU60649,1
RBU60650,1
RBU60666,1
RBU60678,1
RBU60679,1
RBU60703,1
RBU60713,1
RBU60732,1
RWC41130,1
RBU60752,1
RBU60754,1
RBU60761,1
RBU60762,1
RWC41134,1
RWC41135,1
RWC41136,1
RBU60813,1
RBU60814,1
RBU60817,1
RBU60818,1
RBU60824,1
RBU60835,1
RBU60599,1
RBU60551,1
RBU60105,1
RBU60550,1
RBU60107,1
RBU60119,1
RBU60120,1
RBU60128,1
RBU60154,1
RBU60185,1
RBU60192,1
RBU60193,1
RBU60194,1
RBU60197,1
RBU60199,1
RBU60203,1
RBU60204,1
RBU60211,1
RBU60212,1
RBU60213,1
RBU60214,1
RBU60270,1
RBU60500,1
RBU60501,1
RBU60523,1
RBU60538,1
RBU60540,1
RBU60836,1
RBU60840,1
RBU60845,1
RBU60849,1
RBU61375,1
RBU61376,1
RBU61389,1
RBU61390,1
RBU61391,1
RBU61393,1
RBU61394,1
RBU61409,1
RBU61416,1
RBU61417,1
RBU61472,1
RBU61473,1
RBU61485,1
RBU61493,1
RBU61497,1
RBU61498,1
RBU61499,1
RBU61500,1
RBU61501,1
RBU61510,1
RBU61516,1
RBU61529,1
RBU61530,1
RBU61374,1
RBU61373,1
RBU61365,1
RBU61024,1
RBU60858,1
RBU60860,1
RBU60882,1
RBU60884,1
RBU60888,1
RBU60889,1
RBU60890,1
RBU60894,1
RBU60967,1
RBU61000,1
RBU61032,1
RBU61354,1
RBU61243,1
RBU61316,1
RBU61338,1
RBU61339,1
RBU61340,1
RBU61341,1
RBU61344,1
RBU61348,1
RBU61350,1
RBU61353,1
RBU60106,1
RBU60100,1
RBU61544,1
RBU58577,1
RBU58816,1
RBU58822,1
RBU58829,1
RBU58832,1
RBU58875,1
RBU58924,1
RBU58925,1
RBU58934,1
RBU58971,1
RBU58988,1
RBU59016,1
RBU59017,1
RBU59018,1
RBU59029,1
RBU59035,1
RBU59276,1
VBD45121,1
RBU59340,1
RBU59344,1
RBU59347,1
RBU59355,1
RBU59356,1
RBU59357,1
RBU58581,1
RBU58565,1
RBU60089,1
VBD44764,1
RBU57842,1
RBU57965,1
RBU58238,1
RBU58242,1
RBU58243,1
RBU58244,1
RBU58245,1
RBU58246,1
RBU58247,1
RBU58249,1
RBU58250,1
RBU58375,1
RBU58412,1
RBU58446,1
RBU58447,1
RBU58490,1
RBU58494,1
RBU58506,1
RBU58530,1
RBU58543,1
RBU58547,1
RBU58553,1
RWC41096,1
RBU59358,1
RBU59360,1
RBU59367,1
RBU59374,1
RBU59646,1
RBU59648,1
RBU59894,1
RBU60029,1
RBU60031,1
RBU60032,1
RBU60063,1
RBU60064,1
RBU60065,1
RBU60066,1
RBU60067,1
RBU60068,1
RBU60069,1
RBU60070,1
RBU60071,1
RBU60072,1
RBU60073,1
RBU60078,1
RBU60079,1
RBU60080,1
RBU60081,1
RBU60082,1
RBU60083,1
RBU59645,1
RBU59644,1
RBU59643,1
RBU59607,1
RWC40893,1
RBU38608,1
RBU22943,1
RBJ26025,1
RBU11256,1
RBU38212,1
RBU59394,1
RBU59403,1
RBU59431,1
RWC41111,1
RBU59608,1
RBU59641,1
RBU59629,1
RBU59630,1
RBU59631,1
RBU59632,1
RBU59633,1
RBU59634,1
RBU59635,1
RBU59636,1
RBU59637,1
RBU59638,1
RBU61543,1
RBU61545,1
RBU57795,1
RBU63129,1
RBU63267,1
RBU63272,1
RBU63273,1
RBU63274,1
RBU63275,1
RWC41162,1
RBU63294,1
RBU63295,1
RBU63433,1
RBU63434,1
RBU63435,1
RBU63441,1
RBU64185,1
RBU64186,1
RBU64187,1
RBU64188,1
RBU64189,1
RBU64191,1
RBU64192,1
RBU64193,1
RBU64208,1
RBU64211,1
RBU64213,1
RBU63266,1
RBU63109,1
RBU63047,1
RBU63108,1
RBU63049,1
RBU63050,1
RBU63051,1
RBU63052,1
RBU63053,1
RBU63054,1
RBU63055,1
RBU63056,1
RBU63057,1
RBU63058,1
RBU63059,1
RBU63060,1
RBU63061,1
RBU63062,1
RBU63063,1
RBU63064,1
RBU63065,1
RBU63066,1
RBU63067,1
RBU63080,1
RBU63088,1
RBU63089,1
RBU63106,1
VBD47874,1
VBD47875,1
RBU64229,1
RBU64247,1
RBU64791,1
RBU64803,1
RBU64804,1
RBU64805,1
RBU64806,1
RBU64807,1
RBU64808,1
RBU64809,1
RBU64810,1
RBU64811,1
RBU64812,1
RBU64813,1
RBU64814,1
RBU64815,1
RBU64816,1
RBU64817,1
RBU64818,1
RBU64819,1
RBU64820,1
RBU64821,1
RBU64822,1
RBU64823,1
RBU64824,1
RBU64767,1
RBU64765,1
RBU64762,1
RBU64383,1
RBU64248,1
RBU64251,1
RBU64252,1
RBU64254,1
RBU64341,1
RBU64348,1
RBU64350,1
RBU64367,1
RBU64381,1
RBU64382,1
RBU64384,1
RBU64759,1
RBU64386,1
RBU64396,1
RBU64400,1
RBU64407,1
RBU64420,1
RBU64630,1
RBU64634,1
RBU64639,1
RBU64640,1
RBU64643,1
RBU63048,1
RBU63046,1
RBU61554,1
RBU62329,1
RBU62335,1
VBD47102,1
RBU62367,1
RBU62386,1
RBU62402,1
RBU62404,1
RBU62410,1
RBU62426,1
RBU62436,1
RBU62442,1
RBU62444,1
RBU62456,1
RBU62466,1
RBU62472,1
RBU62476,1
RBU62477,1
RBU62484,1
RBU62517,1
RBU62523,1
RBU62524,1
RBU62525,1
RBU62526,1
RBU62527,1
RBU62330,1
RBU62326,1
RBU63045,1
RBU62324,1
RBU61571,1
RBU61572,1
RBU61573,1
RBU61574,1
VBD46710,1
RBU61591,1
RBU61597,1
RBU61603,1
RBU61604,1
RBU61605,1
RBU61612,1
RBU61613,1
RBU61847,1
RBU61998,1
RWC41142,1
RBU62023,1
RBU62099,1
RBU62100,1
RBU62105,1
RWC41148,1
RBU62141,1
RBU62156,1
RBU62227,1
RBU62539,1
RBU62547,1
RBU62548,1
RBU62552,1
RBU62689,1
RBU62691,1
RBU62692,1
RBU62693,1
RBU62694,1
RBU62695,1
RBU62696,1
RBU62698,1
RBU62699,1
RBU62700,1
RBU62701,1
RBU62702,1
RBU62703,1
RBU62704,1
RBU62714,1
RBU62975,1
RBU63038,1
RBU63039,1
RBU63040,1
RBU63041,1
RBU63042,1
RBU63043,1
RBU63044,1
RBU62687,1
RBU62685,1
RBU62684,1
RBU62631,1
RBU62578,1
RBU62580,1
RBU62582,1
RBU62604,1
RBU62608,1
RBU62609,1
RBU62610,1
RBU62622,1
RBU62628,1
RBU62630,1
RBU62637,1
RBU62683,1
RBU62638,1
RBU62664,1
RBU62674,1
RBU62675,1
RBU62676,1
RBU62677,1
RBU62678,1
RBU62679,1
RBU62680,1
RBU62681,1
RBU57796,1
RBU51823,1
RBU62320,1
RBU64928,1
RBU64982,1
RBU65018,1
RBU65020,1
RBU65031,1
RBU65035,1
RBU65054,1
RBU65063,1
RBU65070,1
RBU65078,1
RBU65080,1
RBU65144,1
RBU65146,1
RBU65221,1
RBU65262,1
RBU65271,1
RBU65272,1
RBU65273,1
RBU65277,1
RBU65278,1
RBU65281,1
RBU65283,1
RBU65284,1
RBU65285,1
RBU64932,1
VBD48530,1
RBU64635,1
RBU64871,1
RBU64775,1
RBU64776,1
RBU64777,1
RBU64779,1
RBU64780,1
RBU64781,1
RBU64782,1
RBU64783,1
RBU64784,1
RBU64785,1
RBU64786,1
RBU64788,1
VBD48426,1
RBU64793,1
RBU64794,1
RBU64795,1
RBU64802,1
RBU64831,1
RBU64837,1
RBU64838,1
RBU64856,1
RBU64864,1
RBU64865,1
RBU65288,1
RBU65289,1
RBU65293,1
RBU65294,1
RBU65753,1
RBU65797,1
RBU65801,1
RBU65802,1
RBU65806,1
RBU65813,1
RBU65814,1
RBU65841,1
RBU65864,1
RBU65928,1
RBU65943,1
RBU65945,1
RBU65947,1
RBU65985,1
RBU65986,1
RBU65988,1
RBU65993,1
RBU66130,1
RBU66233,1
RBU66252,1
RBU66320,1
RBU66321,1
RBU66330,1
RWC41175,1
RBU65728,1
RBU65715,1
RBU65689,1
RBU65297,1
RBU65535,1
RBU65542,1
RBU65543,1
RBU65544,1
RBU65548,1
RBU65632,1
RBU65635,1
RBU65636,1
RBU65642,1
RBU65690,1
RBU65714,1
RBU65691,1
RBU65692,1
RBU65695,1
RBU65696,1
RBU65697,1
RBU65704,1
RBU65705,1
RBU65708,1
RBU65709,1
RBU65711,1
RBU64774,1
RBU64571,1
RBU66373,1
RBU62542,1
RBU62544,1
RBU62545,1
RBU62556,1
VBD47352,1
RBU62565,1
RBU62568,1
RBU62569,1
RBU62571,1
RBU62572,1
RBU62574,1
RBU62575,1
RBU62576,1
RBU62577,1
RBU62579,1
RBU62581,1
RBU62583,1
RBU62589,1
RBU62590,1
RBU62611,1
RBU62612,1
RBU62614,1
RBU62615,1
RBU62617,1
RBU62543,1
RBU62541,1
RBU64458,1
RBU62540,1
RBU62323,1
RBU62338,1
VBD47077,1
VBD47078,1
VBD47079,1
RBU62356,1
RBU62359,1
RBU62362,1
RBU62366,1
RBU62403,1
RWC41152,1
RBU62420,1
RBU62421,1
RBU62423,1
RBU62424,1
RBU62425,1
RBU62427,1
RBU62440,1
RBU62531,1
RBU62533,1
RBU62534,1
RBU62536,1
RWC41155,1
RBU62618,1
VBD47440,1
RBU62633,1
VBD47465,1
RBU64242,1
RBU64244,1
RBU64245,1
RBU64246,1
RBU64260,1
RBU64261,1
RBU64262,1
RBU64263,1
RBU64275,1
RBU64289,1
RBU64313,1
RBU64314,1
RBU64315,1
RBU64344,1
RBU64345,1
RBU64351,1
RBU64352,1
RBU64394,1
RBU64398,1
RBU64402,1
RBU64408,1
RBU64412,1
RBU64434,1
RBU64198,1
RBU63430,1
RBU63286,1
RBU62998,1
VBD47466,1
RBU62706,1
RBU62713,1
RBU62976,1
RBU62984,1
RBU62985,1
RBU62986,1
RBU62992,1
RBU62994,1
RBU62997,1
RBU62999,1
RBU63263,1
RBU63000,1
RWC41158,1
RBU63078,1
RBU63079,1
RBU63082,1
RWC41159,1
RBU63084,1
RWC41160,1
RBU63101,1
RBU63112,1
RBU66372,1
RBU66374,1
VBD44584,1
RBT91228,1
RBT99501,1
RBU08937,1
RBU11843,1
RBU20322,1
RBU22757,1
RBU22920,1
RBU24077,1
RBU24118,1
RBU25879,1
RBU29035,1
RBU29042,1
RBU29043,1
RBU29047,1
RBU30150,1
RBU30151,1
RBU32120,1
RBU32258,1
RBU32446,1
RBU32533,1
RBU32999,1
RBU33051,1
RBU33552,1
RBU33806,1
RBT98014,1
RBT88298,1
RBS18545,1
RBT88278,1
RBS74549,1
RBS74564,1
RBS74565,1
RBS74568,1
RBS87775,1
RBS87777,1
RBS87778,1
RBS87780,1
RBS87781,1
RBT08795,1
RBT24876,1
RBT39281,1
RBT40015,1
RBT44343,1
RBT47240,1
RBT64153,1
RBT64159,1
RBT67003,1
RBT67757,1
RBT67759,1
RBT75896,1
RBT82042,1
RBT86489,1
RBU18500,1
RBS63292,1
RBT91395,1
RBU36508,1
RBU48276,1
RBU48604,1
RBU48882,1
RBU48962,1
RBU37116,1
RBU50344,1
RBU51126,1
RBU51612,1
RBU51901,1
RBU52296,1
RBU55606,1
RBU33049,1
RBU56989,1
RBU57032,1
RBU57180,1
RBU57828,1
RBU23895,1
RBU57664,1
RBU57688,1
RBU57689,1
VBD44580,1
VBD44581,1
VBD44583,1
RBU48006,1
RBU47984,1
RBU47412,1
RBU43547,1
RBU36516,1
RBU38028,1
RBU38184,1
RBU39280,1
RBU40314,1
RBU41153,1
RBU41958,1
RBU41997,1
RBU42556,1
RBU43176,1
RBU43558,1
RBU47200,1
RBU43638,1
RBU44616,1
RBU44619,1
RBU44623,1
RBU44624,1
RBU44626,1
RBU45530,1
RBU46397,1
RBU46519,1
RBU46933,1
RBS19281,1
RBS18544,1
RBU66377,1
RBU62147,1
RBU62532,1
RBU62561,1
RBU62613,1
VBD44118,1
VBD44127,1
RBU56741,1
RBU56915,1
RBU56964,1
RBU56967,1
RBU42250,1
RBU56979,1
RBU57011,1
RBU57012,1
RBU57015,1
RBU57018,1
RBT74284,1
RBU57100,1
RBU57101,1
RBU57102,1
RBU57103,1
RBU57104,1
RBU57105,1
RBU57106,1
RBU62390,1
RBU62084,1
RBR93775,1
RBU61513,1
RBU66379,1
RBU66380,1
RBU66382,1
RBT69747,1
RBT29418,1
RWC41045,1
RWC41046,1
RWC41047,1
RWC41048,1
RBU55447,1
RBT29590,1
RBU55625,1
RBU25477,1
RBU58498,1
RWC41100,1
RBU27255,1
RBU19525,1
RBU14796,1
RBU60572,1
RBU60582,1
RWC41129,1
RBU61275,1
RWC41138,1
RBU57107,1
RBU57108,1
RBU57109,1
RBU57110,1
RBU57147,1
RBU57148,1
RBU57151,1
VBD44397,1
VBD44398,1
VBD44399,1
VBD44400,1
VBD44401,1
VBD44402,1
RBU57171,1
RBU57172,1
VBD44448,1
RBU57193,1
RBU57273,1
RBU57287,1
RBI58328,1
RBJ55642,1
RBJ74291,1
RBK23491,1
RBK23492,1
RBK38482,1
RBK38493,1
VBB76893,1
RBU57139,1
RBU57138,1
RBU57137,1
RBU57122,1
RBU57111,1
RBU57113,1
RBU57114,1
RBU57115,1
RBU57116,1
RBU57117,1
RBU57118,1
RBU57119,1
RBU57120,1
RBU57121,1
RBU57123,1
RBU57136,1
RBU57124,1
RBU57125,1
RBU57126,1
RBU57127,1
RBU57128,1
RBU57129,1
RBU57130,1
RBU57131,1
RBU57134,1
RBU57135,1
VBD46355,1
