Price per m2,count
2500.0,21
3000.0,19
3500.0,15
2333.333333333333,14
1666.6666666666667,14
3333.333333333333,14
2000.0,13
2250.0,13
1500.0,13
2083.333333333333,12
2600.0,12
1250.0,11
4333.333333333333,10
5000.0,9
3750.0,9
1875.0,8
2750.0,8
2833.333333333333,7
3125.0,7
2375.0,7
2142.8571428571427,7
1300.0,7
2187.5,7
1333.3333333333333,7
4285.714285714285,7
2916.6666666666665,7
3093.75,6
2200.0,6
3800.0,6
3400.0,6
4230.769230769231,6
1750.0,6
1000.0,6
3266.6666666666665,6
1818.1818181818185,6
1833.3333333333333,6
2362.5,6
4166.666666666667,6
1966.6666666666667,6
2727.2727272727275,6
2625.0,6
4000.0,6
2272.7272727272725,6
1625.0,5
1521.7391304347825,5
2241.3793103448274,5
3888.8888888888887,5
1718.75,5
2666.6666666666665,5
3823.529411764706,5
2818.181818181818,5
2291.6666666666665,5
1437.5,5
2692.3076923076924,5
2125.0,5
1235.2941176470588,5
1923.076923076923,5
2490.0,5
3235.294117647059,5
3437.5,5
2090.909090909091,5
1375.0,5
1400.0,5
1967.1052631578948,5
3461.538461538461,5
2400.0,5
3166.6666666666665,5
3214.285714285714,5
1490.0,5
3409.090909090909,5
1857.142857142857,5
1475.0,5
1805.555555555556,5
1607.142857142857,5
3181.818181818182,5
3100.0,5
4500.0,5
2812.5,5
4090.909090909091,5
2326.6666666666665,4
3285.714285714286,4
2964.285714285714,4
2222.222222222222,4
3397.7272727272725,4
1450.0,4
1964.2857142857144,4
3041.237113402062,4
1687.5,4
2156.86274509804,4
1850.0,4
2520.0,4
1928.571428571429,4
3147.368421052632,4
2133.333333333333,4
2052.6315789473683,4
3180.0,4
3064.0073529411766,4
3454.5454545454545,4
3737.864077669903,4
2800.0,4
3250.0,4
1571.428571428571,4
2794.1176470588234,4
1853.9325842696628,4
2350.0,4
3600.0,4
2737.5,4
1318.6813186813188,4
4382.35294117647,4
1458.3333333333333,4
1575.0,4
2709.6774193548385,4
1200.0,4
1583.3333333333333,4
1924.731182795699,4
2166.6666666666665,4
3833.3333333333335,4
2923.076923076923,4
1315.7894736842106,4
2285.714285714286,4
2096.7741935483878,4
2450.0,4
2642.8571428571427,4
2100.0,4
750.0,4
2458.333333333333,4
4277.777777777777,4
4300.0,4
1125.0,4
2700.0,4
2824.324324324324,4
1842.1052631578948,4
2058.823529411765,4
2368.4210526315787,4
1900.0,4
2045.4545454545453,4
4100.0,4
1843.75,4
3666.6666666666665,4
2300.0,4
500.0,4
2687.5,4
2732.934131736527,4
2937.5,4
2875.0,4
2460.31746031746,3
2908.333333333333,3
1328.358208955224,3
2777.777777777778,3
3705.8823529411766,3
2312.5,3
3326.6666666666665,3
2806.122448979592,3
1956.5217391304348,3
1421.428571428571,3
1916.6666666666667,3
1764.7058823529412,3
2663.934426229508,3
1730.4347826086955,3
1541.0958904109589,3
1734.6938775510205,3
2640.845070422535,3
2546.5116279069766,3
1698.8636363636365,3
4224.598930481284,3
2761.904761904762,3
2846.153846153846,3
3251.851851851852,3
2050.6912442396315,3
2726.027397260274,3
1901.4084507042253,3
4411.764705882353,3
1866.6666666666667,3
2983.333333333333,3
3442.3076923076924,3
3372.093023255814,3
1736.842105263158,3
3733.7662337662337,3
1968.75,3
1365.8536585365853,3
3026.315789473684,3
5625.0,3
5300.884955752213,3
2682.9268292682927,3
2307.692307692308,3
1617.6470588235295,3
2433.333333333333,3
4474.358974358975,3
3495.575221238938,3
2660.0,3
3900.0,3
2461.538461538461,3
3737.5,3
2622.6415094339623,3
3586.6666666666665,3
3071.428571428572,3
3303.5714285714284,3
2158.333333333333,3
1642.857142857143,3
3909.090909090909,3
1350.0,3
1428.571428571429,3
3117.6470588235293,3
2860.0,3
2926.470588235294,3
3357.1428571428573,3
1758.8235294117646,3
1477.2727272727273,3
2393.333333333333,3
2155.1724137931037,3
1941.1764705882356,3
3048.7804878048782,3
2684.6153846153848,3
1544.7154471544716,3
1892.857142857143,3
2565.217391304348,3
2847.619047619048,3
2718.181818181818,3
3390.8045977011493,3
3608.695652173913,3
2192.3076923076924,3
3906.25,3
2437.5,3
2111.1111111111118,3
3093.0232558139537,3
3802.0833333333335,3
3583.333333333333,3
3316.6666666666665,3
3090.909090909091,3
4077.692307692308,3
3080.246913580247,3
2440.828402366864,3
2423.076923076923,3
2862.0689655172414,3
1363.6363636363635,3
3716.216216216216,3
2765.9574468085107,3
2361.842105263158,3
3846.153846153846,3
2720.0,3
1809.090909090909,3
3174.299212598425,3
1464.2857142857142,3
3571.428571428572,3
4200.0,3
3431.372549019608,3
4156.25,3
1383.3333333333333,3
3055.555555555556,3
2647.058823529412,3
2384.6153846153848,3
1562.5,3
1692.3076923076924,3
3444.4444444444443,3
2368.75,3
2062.5,3
3808.510638297872,3
1917.5824175824173,3
3020.2020202020203,3
3780.487804878049,3
1050.0,3
2271.428571428572,3
1771.6535433070867,3
3172.7272727272725,3
2447.852760736196,3
2475.0,3
2906.25,3
1954.248366013072,3
3036.5853658536585,3
2617.6470588235293,3
1829.2682926829268,3
2146.7391304347825,3
2407.4074074074074,3
1796.0,3
2614.035087719298,3
3387.0967741935483,3
1295.6521739130435,3
2146.153846153846,3
2469.879518072289,3
2516.4835164835163,3
1791.6666666666667,3
3363.6363636363635,3
3586.9565217391305,3
4062.5,3
4289.473684210527,3
1885.1351351351352,3
2056.962025316456,3
5674.518201284796,3
4900.0,3
2980.769230769231,3
1384.6153846153843,3
1100.0,3
1083.3333333333333,3
1893.2038834951456,3
1774.1935483870968,3
1166.6666666666667,3
1969.6969696969695,3
1745.0,3
1550.0,3
1394.3661971830986,3
4889.705882352941,3
6402.439024390244,3
2052.9411764705883,3
1800.0,3
2153.846153846154,3
2210.8843537414964,3
1990.0,3
1911.764705882353,3
1600.0,3
1615.3846153846157,3
2076.923076923077,3
1416.6666666666667,3
3375.0,2
2543.103448275862,2
3787.878787878788,2
4113.40206185567,2
2815.217391304348,2
1633.3333333333333,2
1532.258064516129,2
2205.194805194805,2
1789.7435897435898,2
3222.222222222222,2
2838.095238095238,2
2851.648351648352,2
2561.904761904762,2
3076.923076923077,2
4666.666666666667,2
1868.75,2
3321.428571428572,2
1700.854700854701,2
2565.7894736842104,2
2067.66917293233,2
2794.392523364486,2
1636.3636363636365,2
1994.2857142857144,2
2428.5714285714284,2
1523.076923076923,2
3685.714285714286,2
2598.0392156862745,2
1965.5172413793105,2
4016.393442622951,2
3950.0,2
1594.5945945945946,2
1947.368421052632,2
2343.75,2
3331.6666666666665,2
1263.157894736842,2
2882.3529411764707,2
3327.777777777778,2
2212.962962962963,2
2668.5393258426966,2
3473.684210526316,2
3857.142857142857,2
2067.0731707317077,2
2346.153846153846,2
929.6875,2
1759.7765363128492,2
2171.428571428572,2
638.2978723404256,2
2525.3164556962024,2
1728.9719626168223,2
1755.3191489361702,2
1657.3033707865168,2
2714.285714285714,2
2466.6666666666665,2
1005.4347826086956,2
2305.555555555556,2
2487.1794871794878,2
1425.438596491228,2
2075.0,2
2806.25,2
2906.9767441860463,2
1678.3216783216783,2
2037.037037037037,2
2092.5925925925926,2
3873.239436619718,2
1346.1538461538462,2
2838.4615384615386,2
883.3063209076175,2
3170.731707317073,2
2145.1612903225805,2
4985.714285714285,2
2938.8888888888887,2
1272.7272727272727,2
2217.7419354838707,2
1945.6521739130435,2
2712.7659574468084,2
2912.408759124088,2
1992.7536231884055,2
1826.6666666666667,2
3211.1111111111118,2
2837.8384615384616,2
2328.125,2
3602.409638554217,2
1430.167597765363,2
1476.190476190476,2
3615.3846153846152,2
1390.0,2
3563.8297872340427,2
1574.074074074074,2
2386.3636363636365,2
2031.25,2
1697.872340425532,2
1852.7131782945737,2
2704.9180327868853,2
4107.142857142857,2
3262.71186440678,2
4475.0,2
1614.8648648648648,2
2352.9411764705883,2
2205.8823529411766,2
2051.7241379310344,2
1404.7619047619048,2
3661.764705882353,2
3376.344086021505,2
2650.0,2
1654.7619047619048,2
2515.151515151515,2
1138.095238095238,2
652.1739130434783,2
2580.0,2
2716.6666666666665,2
3053.097345132743,2
1537.037037037037,2
2038.4615384615383,2
1832.2981366459628,2
3352.9411764705883,2
2066.6666666666665,2
4866.666666666667,2
3133.333333333333,2
3807.017543859649,2
2446.153846153846,2
3258.928571428572,2
3730.769230769231,2
2597.826086956521,2
2753.846153846154,2
2850.0,2
3467.7419354838707,2
2159.090909090909,2
1727.9411764705883,2
2669.491525423729,2
4206.140350877193,2
3058.252427184466,2
3304.4058744993326,2
2035.7142857142856,2
3520.0,2
2982.4561403508774,2
1491.0179640718563,2
2967.479674796748,2
1480.0,2
2680.0,2
2265.151515151515,2
625.0,2
2905.4054054054054,2
4552.683896620279,2
4576.923076923077,2
4075.268817204301,2
2211.1111111111118,2
3852.459016393442,2
2493.75,2
2074.468085106383,2
1398.4375,2
2390.0,2
2028.4552845528456,2
3510.6382978723404,2
2780.0,2
7254.545454545455,2
1342.5925925925926,2
2661.2903225806454,2
2377.0491803278687,2
2319.767441860465,2
3215.3846153846152,2
2602.2727272727275,2
1604.8387096774193,2
3491.6666666666665,2
3272.7272727272725,2
2919.191919191919,2
2485.714285714286,2
2140.9395973154365,2
2086.41975308642,2
1120.967741935484,2
3555.555555555556,2
1992.0,2
2845.2380952380954,2
2034.8837209302328,2
1923.9766081871344,2
2586.206896551724,2
1354.1666666666667,2
2578.9473684210525,2
1733.3333333333333,2
3472.222222222222,2
3411.764705882353,2
1580.952380952381,2
3301.470588235294,2
2038.8349514563104,2
3126.6666666666665,2
1225.4901960784314,2
3714.285714285714,2
3047.619047619048,2
3934.2105263157896,2
3453.333333333333,2
3421.0526315789475,2
3729.281767955801,2
4247.311827956989,2
3231.7073170731705,2
2175.141242937853,2
3465.909090909091,2
2573.529411764706,2
3332.777777777778,2
2489.626556016597,2
2820.754716981132,2
3840.0,2
1481.4814814814815,2
2770.833333333333,2
1573.6842105263158,2
2606.55737704918,2
1930.6930693069307,2
984.7328244274808,2
1251.0460251046024,2
2987.2611464968154,2
1962.3655913978491,2
1164.7058823529412,2
3489.5104895104896,2
3027.586206896552,2
1047.3684210526317,2
2675.675675675676,2
3440.860215053764,2
3404.255319148936,2
2494.4444444444443,2
1804.3478260869565,2
2445.544554455445,2
1770.8333333333333,2
1830.0653594771245,2
1298.7012987012988,2
1980.0,2
4020.618556701031,2
2608.108108108108,2
3359.550561797753,2
3679.775280898876,2
3445.6521739130435,2
4126.21359223301,2
3649.253731343284,2
4114.583333333333,2
3949.4949494949497,2
3018.292682926829,2
4154.761904761905,2
3392.8571428571427,2
2242.4242424242425,2
900.0,2
4650.0,2
2568.181818181818,2
4211.111111111111,2
4271.428571428572,2
2409.090909090909,2
1183.431952662722,2
1436.4942528735633,2
2150.8379888268155,2
333.3333333333333,2
3484.848484848485,2
3629.032258064516,2
3066.0377358490564,2
1563.7254901960785,2
2674.79674796748,2
1227.2727272727273,2
3268.6567164179105,2
2316.3841807909603,2
2156.25,2
3010.204081632653,2
4187.5,2
3447.368421052632,2
2772.7272727272725,2
3516.4835164835163,2
4234.04255319149,2
3494.6236559139784,2
1538.4615384615386,2
2555.555555555556,2
3863.636363636364,2
2230.769230769231,2
1454.5454545454545,2
4292.1,2
4175.811023622047,2
2868.8524590163934,2
947.6190476190476,2
1929.032258064516,2
400.0,2
2878.048780487805,2
3025.3164556962024,2
1244.0944881889764,2
1460.0,2
2570.5882352941176,2
2100.558659217877,2
2027.932960893855,2
2567.5675675675675,2
1312.1951219512196,2
3108.108108108108,2
416.6666666666667,2
1502.3474178403756,2
1278.409090909091,2
2556.818181818182,2
2877.777777777778,2
2195.121951219512,2
1948.5294117647056,2
3030.612244897959,2
1859.5988538681947,2
1993.3333333333333,2
2007.2992700729928,2
1717.557251908397,2
4237.28813559322,2
493.1129476584022,2
2331.77570093458,2
2726.7080745341614,2
1934.5238095238096,2
2131.782945736434,2
3015.151515151515,2
2658.333333333333,2
4293.103448275862,2
3206.7391304347825,2
1822.033898305085,2
3564.3564356435645,2
1851.851851851852,2
1860.4651162790697,2
3509.6153846153848,2
2135.714285714286,2
3093.2203389830506,2
3830.769230769231,2
2570.754716981132,2
1660.0,2
2129.6296296296296,2
1880.952380952381,2
2593.333333333333,2
3088.495575221239,2
1769.2307692307693,2
1981.8181818181815,2
1812.5,2
1408.3333333333333,2
3469.387755102041,2
2844.155844155844,2
2862.5,2
2342.6573426573427,2
1749.1166077738517,2
2005.988023952096,2
2477.707006369427,2
2637.2549019607845,2
3072.7272727272725,2
2860.576923076923,2
2360.0,2
3132.5301204819275,2
3121.978021978022,2
10697.67441860465,2
1267.605633802817,2
2757.0093457943926,2
623.75,2
1466.6666666666667,2
1060.0,2
340000.0,2
2224.137931034483,2
454.54545454545456,2
1421.0526315789473,2
3757.225433526012,2
3344.155844155844,2
2807.9221556886228,2
1488.2943143812709,2
3033.043478260869,2
3928.571428571429,2
2492.8571428571427,2
2193.333333333333,2
3640.776699029126,2
1728.888888888889,2
2896.7741935483878,2
909.0909090909092,2
4102.564102564103,2
1216.2162162162165,2
1171.875,2
3701.3888888888887,2
2405.2631578947367,2
1145.8333333333333,2
1598.75,2
2470.2380952380954,2
2108.4337349397592,2
687.5,2
2884.057971014493,2
4088.235294117647,2
1596.1538461538462,2
1136.3636363636365,2
1752.7472527472528,2
1845.0,2
2417.47572815534,2
3740.458015267176,2
2450.9803921568628,2
2373.7373737373737,2
3200.0,2
4133.333333333333,2
1727.2727272727273,2
2979.4520547945203,2
3646.3414634146334,2
1545.2380952380952,2
3782.051282051282,2
2418.181818181818,2
2408.333333333333,2
1989.247311827957,2
1940.7894736842104,2
1410.7142857142858,2
3369.230769230769,2
3485.714285714286,2
3133.5748031496064,2
3371.428571428572,2
1586.3636363636365,2
3829.268292682927,2
3007.936507936508,2
2237.313432835821,2
1330.0,2
1541.6666666666667,2
3057.5539568345325,2
1859.504132231405,2
2529.2035398230087,2
1410.3559870550162,2
3063.2411067193675,2
1751.592356687898,2
2049.1803278688526,2
3311.1111111111118,2
1944.4444444444443,2
2280.7017543859647,2
825.0,2
4193.548387096775,2
1130.4347826086955,2
1394.7368421052631,2
2837.837837837838,2
2985.714285714286,2
2590.909090909091,2
3951.6129032258063,2
3613.636363636364,2
1097.560975609756,2
3281.25,2
1414.7727272727273,2
2173.913043478261,2
4175.824175824176,2
3305.084745762712,2
3533.333333333333,2
2248.677248677249,2
3088.8888888888887,2
3038.095238095238,2
1193.3333333333333,2
1432.0,2
1792.7927927927929,2
3880.829015544041,2
3602.941176470588,2
3983.0508474576272,2
4145.1612903225805,2
1725.3521126760563,2
1221.311475409836,2
3052.6315789473683,2
1925.7425742574255,2
2062.0689655172414,2
3675.2136752136753,2
2894.736842105264,2
2403.2258064516127,2
3216.9491525423728,2
3163.4615384615386,2
645.021645021645,2
4126.984126984127,2
1314.2857142857142,2
2802.8169014084506,2
2023.5849056603772,2
2976.190476190476,2
2736.842105263158,2
2216.494845360825,2
2876.470588235294,2
2950.0,2
947.8260869565216,2
4117.64705882353,2
1375.6906077348067,2
3838.4615384615386,2
2790.0552486187844,2
2416.6666666666665,2
3430.232558139535,2
3901.6393442622953,2
3300.0,2
3142.8571428571427,2
1777.7777777777778,2
868.421052631579,2
2698.8636363636365,2
2350.4273504273506,2
3062.5,2
1192.7710843373493,2
3884.297520661157,2
2792.0,2
1295.1807228915663,2
1676.923076923077,2
2026.315789473684,2
2758.620689655173,2
2884.6153846153848,2
2689.189189189189,2
2992.3076923076924,2
2643.312101910828,2
2424.242424242424,2
2363.6363636363635,2
3760.504201680672,2
1445.993031358885,2
2731.958762886598,2
1724.1379310344828,2
2208.333333333333,2
581.6326530612245,2
792.0,2
1384.9765258215962,2
2866.6666666666665,2
1638.888888888889,2
2357.1428571428573,2
1409.4488188976377,2
2975.0,2
1414.2857142857142,2
2443.181818181818,2
4422.222222222223,2
2302.6315789473683,2
3877.777777777778,2
2491.6666666666665,2
4934.426229508197,2
1869.918699186992,2
1173.9130434782608,2
2708.333333333333,2
5172.413793103448,2
2747.524752475248,2
2487.4371859296484,2
1544.1176470588234,2
1285.7142857142858,2
2175.0,2
8185.840707964602,2
6062.5,2
2835.0515463917527,2
2135.135135135135,2
863.6363636363636,2
7074.074074074074,2
4098.9010989010985,2
4218.75,2
880.0,2
3376.068376068376,2
2707.1428571428573,2
1380.952380952381,2
2651.5151515151515,2
2543.8596491228072,2
2768.5185185185187,2
6421.428571428572,2
5568.181818181818,2
1785.7142857142858,2
1694.915254237288,2
925.0,2
2464.788732394366,2
1989.795918367347,2
3969.6969696969695,2
4058.823529411765,2
1602.5641025641023,2
1781.25,2
11142.857142857143,2
1896.551724137931,2
2590.3614457831327,2
685.6540084388186,2
1580.0,2
2340.425531914894,2
3107.1428571428573,2
4571.428571428572,2
1879.4326241134752,2
4181.818181818182,2
6692.913385826771,2
785.7142857142857,2
1552.6315789473683,2
1470.5882352941176,2
884.6153846153846,2
12000.0,2
2138.8888888888887,2
2764.705882352941,2
1566.6666666666667,2
2988.5057471264367,2
1587.5,2
1700.0,2
2734.375,2
2188.3656509695293,2
3120.3007518796994,2
3496.732026143791,2
4714.285714285715,2
2479.1666666666665,2
2814.569536423841,2
2186.813186813187,2
2406.25,2
1342.3076923076924,2
5754.716981132076,2
3322.222222222222,2
2633.333333333333,2
4375.0,2
1730.7692307692307,2
1909.7222222222224,2
2450.7389162561576,2
3270.833333333333,2
689.6551724137931,2
2931.0344827586205,2
2418.9189189189187,2
4049.7737556561087,2
2933.333333333333,2
5983.772819472617,2
4483.146067415731,2
2471.0743801652893,2
2028.301886792453,2
4207.317073170731,2
3207.5471698113206,2
2890.0,2
2095.2380952380954,2
1684.4444444444443,2
2596.153846153846,2
3431.25,2
1556.6037735849056,2
4101.010101010101,1
1113.40206185567,1
2039.2156862745096,1
1850.9615384615383,1
3101.26582278481,1
4278.688524590164,1
1647.3988439306358,1
2235.772357723577,1
1562.2119815668202,1
1306.3063063063064,1
2047.3186119873817,1
3622.047244094488,1
1635.8024691358023,1
4129.411764705882,1
3131.5789473684213,1
1944.8979591836733,1
2556.650246305419,1
4402.985074626866,1
1385.8024691358023,1
1241.6149068322982,1
2879.310344827586,1
4740.740740740741,1
3734.1772151898736,1
1468.421052631579,1
2201.2987012987014,1
3182.624113475177,1
4271.739130434783,1
3611.1111111111113,1
1385.9649122807018,1
4383.333333333333,1
2813.5593220338983,1
3859.6491228070176,1
3505.8823529411766,1
2389.380530973451,1
4327.868852459016,1
4227.272727272727,1
7055.555555555556,1
2575.378787878788,1
4262.295081967213,1
2773.584905660377,1
3969.230769230769,1
1099.4475138121547,1
4206.521739130435,1
2687.074829931973,1
2075.208913649025,1
3080.3571428571427,1
4164.8351648351645,1
2633.928571428572,1
1542.2535211267605,1
4040.40404040404,1
1486.2745098039215,1
2159.7938144329896,1
2098.540145985401,1
3295.454545454545,1
1528.7769784172665,1
1801.2048192771083,1
820.1058201058202,1
3014.0186915887853,1
2178.1609195402298,1
3892.215568862276,1
3085.106382978724,1
1577.6699029126214,1
4253.048780487805,1
4283.333333333333,1
4186.813186813187,1
2680.722891566265,1
6410.714285714285,1
1920.1030927835047,1
3048.4615384615386,1
2527.942857142857,1
2643.243243243244,1
1834.355828220859,1
6649.484536082474,1
2447.6987447698743,1
1972.2222222222224,1
2144.53125,1
3979.79797979798,1
2215.3465346534654,1
2694.4444444444443,1
4885.057471264367,1
4410.714285714285,1
3694.444444444444,1
4131.147540983607,1
4439.56043956044,1
5225.563909774436,1
3588.744588744589,1
584.7076461769116,1
1527.1317829457364,1
3778.3783783783774,1
2049.1071428571427,1
4177.777777777777,1
1276.0416666666667,1
1687.8306878306878,1
3286.5853658536585,1
1179.7752808988764,1
1801.6194331983809,1
4030.612244897959,1
2881.4814814814813,1
1695.2054794520548,1
2173.076923076923,1
1695.6521739130435,1
2697.9166666666665,1
4141.414141414141,1
5532.786885245901,1
3626.6094420600857,1
1683.8235294117646,1
1350.1362397820164,1
4187.150837988826,1
2285.8796296296296,1
2401.785714285714,1
4368.932038834952,1
1807.0,1
2536.458333333333,1
1913.3,1
2325.3424657534247,1
1303.030303030303,1
1710.7142857142858,1
2662.5,1
3180.851063829787,1
3192.7710843373493,1
1518.7713310580205,1
4080.808080808081,1
3902.439024390244,1
4182.795698924731,1
3259.6153846153848,1
3086.41975308642,1
1512.6582278481012,1
1314.1891891891892,1
3562.5,1
1468.5314685314686,1
978.5932721712538,1
4152.542372881356,1
1577.3809523809523,1
1610.2941176470588,1
1679.8418972332015,1
2896.678966789668,1
3870.5882352941176,1
2928.286852589641,1
3652.3929471032743,1
5330.188679245283,1
3308.823529411765,1
4440.860215053764,1
1743.0025445292622,1
4093.75,1
4279.069767441861,1
2244.0944881889764,1
4423.592493297587,1
6323.529411764706,1
1111.6279069767445,1
1515.957446808511,1
856.1643835616438,1
3206.896551724138,1
641.5094339622641,1
4260.869565217391,1
2944.915254237288,1
5760.869565217391,1
4190.0,1
4326.086956521739,1
1775.3623188405795,1
1805.4298642533936,1
3033.7078651685392,1
2440.944881889764,1
7010.869565217391,1
2942.622950819672,1
1887.179487179487,1
2294.736842105264,1
2196.2616822429904,1
2395.555555555556,1
4281.25,1
485.99269183922047,1
3952.941176470588,1
2423.6111111111118,1
2793.44262295082,1
1904.7619047619048,1
4311.827956989248,1
1473.2142857142858,1
2027.4725274725276,1
2688.679245283018,1
1763.4854771784233,1
4960.0,1
5409.836065573771,1
1546.6850828729282,1
3328.5714285714284,1
1047.7453580901856,1
2995.867768595041,1
2914.1104294478528,1
2908.993670886076,1
1182.4324324324325,1
1773.972602739726,1
1804.0201005025128,1
2445.6521739130435,1
2489.1304347826085,1
2067.3076923076924,1
1766.4670658682635,1
1993.939393939394,1
1389.5348837209303,1
1815.2866242038217,1
2950.8716216216217,1
1293.785310734463,1
2471.518918918919,1
3951.841359773371,1
1756.7567567567569,1
4393.939393939394,1
3524.804177545692,1
5608.695652173913,1
2505.050505050505,1
2745.95,1
4748.0,1
2684.0,1
3469.696969696969,1
2048.969072164949,1
1431.7180616740088,1
2534.246575342466,1
3988.235294117647,1
5274.509803921569,1
2414.285714285714,1
1308.724832214765,1
1618.918918918919,1
2430.555555555556,1
1675.78125,1
1978.448275862069,1
4995.454545454545,1
4457.142857142857,1
4429.824561403509,1
2871.212121212121,1
2204.8192771084337,1
4891.304347826087,1
2631.818181818182,1
1365.482233502538,1
2306.122448979592,1
4354.83870967742,1
5383.233532934131,1
5532.407407407408,1
1766.6666666666667,1
879.0697674418604,1
1782.978723404255,1
2671.6417910447763,1
2239.819004524887,1
613.0268199233717,1
2876.9841269841268,1
3521.12676056338,1
4213.483146067416,1
1657.8947368421052,1
3415.841584158416,1
3260.8695652173915,1
4083.3333333333335,1
3148.1481481481483,1
2270.142180094787,1
2741.3793103448274,1
3406.5934065934066,1
2327.8688524590166,1
4761.9047619047615,1
2528.735632183908,1
3420.537897310513,1
2105.8823529411766,1
3155.31914893617,1
2957.627118644068,1
2355.072463768116,1
1234.7560975609756,1
2339.423076923077,1
1885.2459016393443,1
1890.5109489051092,1
2625.018181818182,1
2772.1518987341774,1
2312.775330396476,1
1922.0183486238527,1
1793.3333333333333,1
2408.9219330855017,1
3676.470588235294,1
3426.470588235294,1
3537.5,1
1729.7297297297298,1
1699.604743083004,1
5233.0097087378645,1
1806.5693430656931,1
3148.5148514851485,1
3307.2289156626507,1
1150.0,1
4161.290322580645,1
2955.555555555556,1
1999.492307692308,1
2560.0,1
2883.5978835978835,1
3703.703703703704,1
2639.751552795031,1
2720.779220779221,1
1482.2134387351778,1
2834.7938144329896,1
3396.22641509434,1
1994.4444444444443,1
2232.1428571428573,1
4409.90990990991,1
2231.343283582089,1
2817.368421052632,1
2821.164021164021,1
2699.248120300752,1
2579.7872340425533,1
1008.5836909871244,1
3765.957446808511,1
2968.354430379746,1
2784.736842105264,1
4462.686567164179,1
2557.522123893805,1
3168.613138686132,1
2948.7179487179487,1
2978.1420765027324,1
3099.2700729927005,1
1522.9007633587787,1
3294.5736434108526,1
1530.2325581395348,1
2080.851063829787,1
1536.9127516778524,1
1658.0645161290322,1
2211.895910780669,1
3425.0,1
1746.5437788018432,1
2634.4086021505377,1
1984.2931937172773,1
1810.6060606060605,1
3059.3375796178343,1
809.5238095238095,1
2712.516304347826,1
2320.93023255814,1
2947.493243243244,1
1057.877813504823,1
2393.478947368421,1
2851.239669421488,1
5646.551724137931,1
5500.0,1
2759.5419847328244,1
2941.176470588235,1
2797.709923664122,1
3710.6918238993712,1
3170.802919708029,1
2726.5625,1
1325.301204819277,1
3612.244897959184,1
2360.94674556213,1
1193.3701657458564,1
2963.470319634703,1
1928.8135593220336,1
2403.614457831325,1
2867.816091954023,1
1971.5447154471544,1
2591.2408759124087,1
5928.571428571428,1
3488.372093023256,1
5897.63779527559,1
887.3239436619718,1
3960.31746031746,1
2626.0504201680674,1
3087.3015873015875,1
2445.2554744525546,1
2734.5132743362838,1
2509.6774193548385,1
2486.1111111111118,1
2748.091603053435,1
3632.075471698113,1
2328.4671532846714,1
2515.7894736842104,1
1963.350785340314,1
1187.5,1
2202.643171806167,1
2475.247524752476,1
3560.9756097560976,1
869.0909090909091,1
1926.315789473684,1
3687.5,1
2284.4036697247707,1
4196.261682242991,1
3153.061224489796,1
1069.047619047619,1
5407.239819004525,1
2035.2112676056336,1
2568.8073394495414,1
3966.6666666666665,1
1043.956043956044,1
4089.74358974359,1
2475.206611570248,1
2286.624203821656,1
4831.578947368421,1
2106.3829787234044,1
2678.5714285714284,1
2394.230769230769,1
3244.2748091603053,1
3232.3232323232323,1
2206.730769230769,1
1752.9411764705883,1
2722.063037249284,1
5037.037037037037,1
2340.06734006734,1
13114.754098360656,1
4008.695652173913,1
2908.1632653061224,1
11989.795918367348,1
4604.166666666667,1
4120.879120879121,1
5266.355140186916,1
3519.607843137255,1
4028.03738317757,1
2536.231884057971,1
2711.5987460815045,1
1237.5,1
3807.339449541285,1
4691.176470588235,1
1335.0515463917525,1
2802.4193548387098,1
4104.166666666667,1
3851.851851851852,1
3192.0,1
1595.7446808510638,1
3915.88785046729,1
1195.6521739130435,1
4061.855670103093,1
4428.571428571428,1
1871.6577540106955,1
2081.0810810810813,1
3040.816326530612,1
2861.842105263158,1
3927.0833333333335,1
3211.0091743119265,1
2456.1403508771928,1
3725.490196078432,1
3776.978417266187,1
2957.5,1
1662.0111731843576,1
3342.696629213483,1
3985.714285714286,1
2895.061728395062,1
4494.505494505494,1
2753.813559322034,1
2518.181818181818,1
4572.916666666667,1
3045.454545454545,1
2737.588652482269,1
4080.8823529411766,1
3099.3788819875776,1
2863.6363636363635,1
2288.5375494071145,1
1137.9310344827586,1
2325.242718446602,1
341050.0,1
361050.0,1
3590.909090909091,1
2614.754098360656,1
2614.1552511415525,1
2724.358974358974,1
2380.6451612903224,1
3382.3529411764707,1
3688.524590163935,1
2640.760869565217,1
1821.917808219178,1
796.0,1
2865.168539325842,1
2098.1308411214955,1
3631.386861313869,1
5424.242424242424,1
765.3846153846154,1
1199.4884910485937,1
2192.9824561403507,1
2675.595238095238,1
2562.111801242236,1
4694.117647058823,1
2184.2105263157896,1
3511.904761904762,1
6811.594202898551,1
2097.3154362416108,1
2337.278106508876,1
3253.968253968254,1
2923.913043478261,1
3524.229074889868,1
3116.883116883117,1
4911.971830985915,1
2993.75,1
2007.462686567164,1
4706.766917293233,1
2458.128078817734,1
2595.375722543353,1
2029.4117647058824,1
3177.570093457944,1
2651.006711409396,1
1507.177033492823,1
2658.8628762541807,1
1307.6923076923076,1
6617.64705882353,1
2065.0887573964496,1
2434.782608695652,1
4060.606060606061,1
4406.779661016949,1
1546.6101694915253,1
4268.292682926829,1
2287.581699346405,1
2237.5,1
4097.744360902256,1
4412.371134020618,1
3604.6511627906975,1
5546.218487394958,1
3154.040404040404,1
2926.6666666666665,1
7222.222222222223,1
3021.978021978022,1
2274.8538011695905,1
3487.5,1
2330.960854092527,1
2802.9556650246304,1
4061.224489795919,1
3897.4358974358975,1
4226.190476190476,1
2516.3398692810456,1
3078.9473684210525,1
3836.4882352941177,1
2118.4210526315787,1
3728.070175438597,1
2163.74269005848,1
2193.548387096774,1
2607.1428571428573,1
4526.666666666667,1
3238.41059602649,1
2815.533980582524,1
2629.4117647058824,1
2019.2307692307693,1
3132.183908045977,1
4237.668161434977,1
2299.703264094956,1
8750.0,1
4562.5,1
1386.9565217391305,1
4066.6666666666665,1
1922.95,1
3625.0,1
4647.565217391304,1
2311.2582781456954,1
1974.8102564102564,1
4492.372549019608,1
4875.304878048781,1
2315.068493150685,1
2377.777777777778,1
2055.2147239263804,1
4595.588235294118,1
4065.217391304348,1
4313.636363636364,1
1353.5031847133755,1
2479.2899408284025,1
3700.0,1
3147.208121827411,1
2656.25,1
2329.5454545454545,1
3176.470588235294,1
4034.926470588235,1
2893.617021276596,1
3806.451612903226,1
2185.185185185185,1
1648.3516483516485,1
4875.0,1
4015.151515151515,1
1293.103448275862,1
1854.8387096774195,1
3726.495726495727,1
3480.6629834254145,1
3114.583333333333,1
4174.603174603175,1
3890.489913544669,1
2313.0841121495328,1
7545.454545454545,1
3388.429752066116,1
2064.285714285714,1
3317.7570093457944,1
4031.746031746032,1
2444.4444444444443,1
2811.764705882353,1
3008.620689655173,1
773.3812949640288,1
2311.3207547169814,1
1908.8235294117649,1
2618.4210526315787,1
3322.981366459627,1
2504.854368932039,1
3989.130434782609,1
4044.9438202247193,1
2004.7169811320755,1
1689.1891891891892,1
3772.727272727273,1
2385.4166666666665,1
3827.272727272728,1
1549.2227979274612,1
3201.9704433497536,1
5232.558139534884,1
1742.0814479638009,1
3734.939759036145,1
4098.360655737705,1
3762.626262626263,1
3187.772925764192,1
2144.1176470588234,1
3790.0,1
4325.396825396825,1
3684.931506849315,1
981.2206572769952,1
1358.0246913580247,1
4362.6373626373625,1
1700.507614213198,1
3118.055555555556,1
1965.1162790697676,1
2084.2314814814813,1
1356.5891472868218,1
1522.2222222222222,1
1804.7619047619048,1
1465.5172413793102,1
1796.9924812030076,1
1490.625,1
2886.6666666666665,1
4411.111111111111,1
4303.030303030303,1
2748.344370860927,1
1783.7837837837835,1
493.75,1
4032.258064516129,1
4474.226804123711,1
3821.917808219178,1
4184.931506849315,1
2122.6415094339623,1
3965.811965811966,1
4352.941176470588,1
2461.8320610687024,1
4251.968503937008,1
1728.323699421965,1
4636.363636363636,1
4290.322580645161,1
1503.012048192771,1
1657.7540106951872,1
4241.379310344828,1
1227.678571428571,1
2201.5706806282724,1
2043.4782608695648,1
2188.8888888888887,1
1893.5185185185185,1
1957.516339869281,1
1962.5,1
2977.5280898876404,1
2029.0697674418604,1
2945.454545454545,1
1848.573394495413,1
791.7808219178082,1
2190.0,1
4658.035714285715,1
4043.956043956044,1
2520.618556701031,1
4146.067415730337,1
2535.135135135135,1
3947.368421052632,1
5502.008333333333,1
4173.913043478261,1
3725.0,1
1992.857142857143,1
1920.5020920502093,1
4701.208791208791,1
1776.3157894736842,1
3150.0,1
1255.395683453237,1
1537.3831775700935,1
3032.0,1
1927.536231884058,1
3046.296296296296,1
4044.444444444444,1
1575.438596491228,1
2902.9850746268658,1
2895.705521472393,1
2922.0779220779223,1
2573.96449704142,1
2447.303921568628,1
4696.969696969697,1
4222.222222222223,1
1290.0,1
2840.909090909091,1
4318.181818181818,1
3041.6666666666665,1
1733.7278106508877,1
4426.229508196721,1
5208.333333333333,1
1851.063829787234,1
1448.0874316939892,1
4402.173913043478,1
2513.043478260869,1
1593.137254901961,1
1513.4099616858236,1
4174.418604651163,1
3144.1441441441443,1
1510.989010989011,1
2162.162162162162,1
4195.652173913043,1
4968.75,1
2627.2727272727275,1
1904.3478260869565,1
2020.2702702702704,1
2551.1363636363635,1
2779.4117647058824,1
3878.787878787879,1
4065.934065934066,1
2717.8217821782177,1
1636.986301369863,1
1307.8602620087336,1
1555.944055944056,1
1731.8840579710145,1
2027.027027027027,1
4144.444444444444,1
1452.3809523809523,1
1464.7058823529412,1
2266.2337662337663,1
2290.322580645161,1
4197.802197802198,1
2784.36018957346,1
4151.515151515152,1
2097.4576271186443,1
2839.285714285714,1
2849.2344827586207,1
3049.295774647888,1
1994.1176470588236,1
1283.2618025751074,1
2254.5454545454545,1
3018.5185185185187,1
3081.818181818182,1
1407.2327044025158,1
1933.59375,1
1537.5,1
4937.984496124031,1
3933.884297520661,1
4653.333333333333,1
4033.0578512396696,1
810.9756097560976,1
2372.340425531915,1
3865.168539325842,1
2995.689655172414,1
2229.3577981651374,1
3728.971962616823,1
2163.4615384615386,1
4129.032258064516,1
2842.1052631578946,1
3133.986928104576,1
1587.6777251184835,1
2798.507462686567,1
3225.0,1
3954.022988505747,1
3184.0,1
3880.34188034188,1
1960.0,1
1683.098591549296,1
5446.428571428572,1
2585.6573705179285,1
2596.638655462185,1
2226.890756302521,1
2278.481012658228,1
1633.6206896551723,1
2552.6315789473683,1
1898.0716253443527,1
3863.2478632478633,1
2124.183006535948,1
904.5454545454544,1
2275.147928994083,1
1451.4563106796118,1
2306.7625570776254,1
2695.945945945946,1
4933.774834437086,1
1661.111111111111,1
2926.2195121951218,1
1607.52688172043,1
1311.40350877193,1
2388.5350318471337,1
3470.5882352941176,1
2184.466019417476,1
1510.1010101010102,1
4052.0833333333335,1
1519.3370165745855,1
3661.417322834646,1
2430.0518134715026,1
1021.505376344086,1
4385.542168674699,1
1759.2592592592594,1
4204.819277108434,1
3760.6837606837607,1
1181.4814814814815,1
1791.36690647482,1
1991.8032786885249,1
4277.108433734939,1
2495.454545454545,1
3811.965811965812,1
2977.6119402985078,1
3587.896253602305,1
1845.2380952380952,1
3971.428571428572,1
1940.5405405405409,1
2338.403041825095,1
4647.727272727273,1
5416.666666666667,1
4060.1503759398497,1
2294.1176470588234,1
2517.2413793103447,1
2120.772946859903,1
2107.843137254902,1
3144.736842105264,1
3876.146788990826,1
3656.716417910448,1
3089.622641509434,1
1204.6511627906978,1
3368.64406779661,1
765.0273224043716,1
1735.7142857142858,1
713.3333333333334,1
328.7671232876712,1
1881.720430107527,1
2463.917525773196,1
1069.7050938337802,1
1107.7844311377246,1
1379.4871794871794,1
2214.814814814815,1
3190.0,1
3106.7961165048546,1
3826.923076923077,1
1568.0473372781064,1
2763.5135135135133,1
2870.5035971223024,1
1118.881118881119,1
3450.7042253521126,1
1046.5116279069769,1
1023.6220472440943,1
1551.7241379310344,1
1709.3023255813953,1
1353.211009174312,1
1595.0920245398772,1
7741.935483870968,1
363.6363636363636,1
4803.921568627451,1
2171.875,1
1117.9775280898875,1
1022.5903614457832,1
3105.46875,1
993.9759036144578,1
1321.428571428571,1
2016.949152542373,1
860.1532567049809,1
3589.74358974359,1
899.7429305912597,1
1135.7142857142858,1
1071.428571428571,1
2710.5263157894738,1
3565.0224215246635,1
3202.3809523809523,1
3657.407407407408,1
1602.7397260273972,1
1648.148148148148,1
745.3416149068323,1
1373.3333333333333,1
177.22222222222223,1
904.0,1
2390.710382513661,1
314.2857142857143,1
2548.3870967741937,1
1412.9032258064517,1
1008.5470085470084,1
3545.454545454545,1
2041.0958904109589,1
5277.777777777777,1
1490.3846153846157,1
623.4375,1
1837.9888268156424,1
2512.6903553299494,1
1390.6976744186047,1
1287.4251497005987,1
982.1428571428572,1
1173.6334405144694,1
758.8235294117648,1
957.8544061302682,1
1717.391304347826,1
2570.0934579439254,1
2681.818181818182,1
1468.75,1
1783.625730994152,1
1827.956989247312,1
776.0416666666666,1
700.7575757575758,1
2379.8076923076924,1
892.2558922558923,1
1691.7293233082708,1
2087.2093023255816,1
4531.25,1
1983.4437086092717,1
1493.75,1
4990.0,1
1373.6263736263736,1
579.3103448275862,1
1008.403361344538,1
420.45454545454544,1
1314.5539906103286,1
2426.2295081967213,1
1527.331189710611,1
1527.7777777777778,1
745.5012853470437,1
5393.258426966292,1
197.86910197869105,1
5223.214285714285,1
965.7142857142856,1
2233.644859813084,1
1834.6938775510205,1
2834.6456692913384,1
1340.8071748878924,1
2236.842105263158,1
1711.5384615384614,1
1938.888888888889,1
707.1428571428571,1
2079.4392523364486,1
2227.979274611399,1
897.4358974358975,1
2397.3214285714284,1
1939.655172413793,1
1600.9852216748768,1
2373.4177215189875,1
6140.350877192983,1
1514.2857142857142,1
2358.108108108108,1
1697.3684210526317,1
3035.714285714286,1
1226.4150943396226,1
3580.246913580247,1
3404.470588235294,1
922.4598930481284,1
2388.8888888888887,1
1386.100386100386,1
1751.3513513513512,1
2206.3492063492063,1
2405.4054054054054,1
2704.5454545454545,1
4316.666666666667,1
3799.512195121951,1
3104.895104895105,1
1363.013698630137,1
1296.2962962962963,1
2326.732673267327,1
832.7272727272727,1
1817.6470588235293,1
4678.048780487805,1
2260.5042016806724,1
3194.4444444444443,1
780.0,1
768.1818181818181,1
975.0,1
3357.894736842105,1
1436.3636363636365,1
305.3435114503817,1
4123.966942148761,1
2657.6576576576576,1
3563.2183908045977,1
2025.8620689655168,1
1962.025316455696,1
3238.3419689119173,1
2513.089005235602,1
1138.996138996139,1
2817.4603174603176,1
3070.1754385964914,1
2238.095238095238,1
757.1428571428571,1
5222.222222222223,1
3031.496062992126,1
1790.4191616766468,1
2366.3366336633662,1
1989.4736842105265,1
2164.358695652174,1
895.5223880597015,1
2266.1870503597124,1
3535.714285714286,1
1512.820512820513,1
4108.28025477707,1
956.5217391304348,1
842.1052631578947,1
2161.764705882353,1
2541.2541254125413,1
1845.679012345679,1
2934.782608695652,1
2510.460251046025,1
1134.8684210526317,1
1882.8451882845188,1
2527.777777777778,1
899.2805755395683,1
2922.4137931034484,1
3512.396694214876,1
1330.708661417323,1
1096.551724137931,1
2215.909090909091,1
1870.748299319728,1
3436.3636363636365,1
1697.2477064220184,1
2276.4227642276423,1
2289.4736842105262,1
2048.192771084337,1
3657.8947368421054,1
161.29032258064515,1
1578.9473684210527,1
2618.8811188811187,1
2082.089552238806,1
3657.5342465753424,1
1987.179487179487,1
691.6666666666666,1
3376.6233766233768,1
1307.0539419087138,1
1536.0824742268042,1
519.1637630662021,1
1431.3725490196075,1
661.5384615384615,1
2462.3655913978496,1
1846.774193548387,1
4360.0,1
2034.4827586206895,1
3245.0,1
2981.651376146789,1
551.8518518518518,1
765.3061224489796,1
1103.7037037037037,1
3115.3846153846152,1
3589.928057553957,1
3059.701492537313,1
919.811320754717,1
4361.702127659574,1
3381.35593220339,1
4255.31914893617,1
3981.481481481481,1
3317.3076923076924,1
2617.1875,1
1524.3902439024391,1
4111.111111111111,1
1931.9371727748687,1
1812.8342245989304,1
1195.2054794520548,1
923.0769230769232,1
4365.079365079365,1
2689.075630252101,1
2341.269841269841,1
2991.4529914529912,1
1404.494382022472,1
1610.486891385768,1
2348.314606741573,1
1218.75,1
2205.3571428571427,1
1582.8025477707006,1
1383.7209302325582,1
2828.5714285714284,1
2548.913043478261,1
2978.260869565217,1
1938.7755102040817,1
2720.27972027972,1
1524.0174672489084,1
1694.339622641509,1
1762.820512820513,1
911.214953271028,1
1865.497076023392,1
1435.1851851851852,1
1380.4034582132565,1
1441.6058394160584,1
1142.857142857143,1
2523.809523809524,1
1653.8461538461538,1
1447.7064220183486,1
1095.2380952380952,1
2747.1264367816093,1
1069.9588477366256,1
2797.619047619048,1
5924.36974789916,1
3765.30612244898,1
4451.038575667656,1
5770.676691729324,1
3192.3076923076924,1
4671.875,1
3320.9876543209875,1
5059.288537549407,1
4367.816091954023,1
4027.777777777778,1
2632.183908045977,1
3277.777777777778,1
1507.6923076923076,1
4640.151515151515,1
4047.619047619048,1
2972.972972972973,1
3850.746268656717,1
4211.538461538462,1
2823.008849557522,1
6269.841269841269,1
5517.241379310345,1
3598.4848484848485,1
2604.1666666666665,1
2931.818181818182,1
2671.232876712329,1
1909.871244635193,1
5219.780219780219,1
3795.1807228915663,1
5192.307692307692,1
3360.0,1
3878.504672897196,1
5104.166666666667,1
2339.901477832512,1
4983.221476510067,1
1217.687074829932,1
2477.064220183486,1
3373.4939759036147,1
8349.75369458128,1
3160.919540229885,1
3127.450980392157,1
9230.76923076923,1
3727.272727272728,1
2987.012987012987,1
4507.575757575758,1
4827.586206896552,1
2361.3312202852617,1
3797.814207650273,1
2888.8888888888887,1
4115.8536585365855,1
2490.1960784313724,1
3282.8282828282827,1
4278.571428571428,1
2544.8275862068967,1
4040.540540540541,1
3211.538461538461,1
2907.692307692308,1
4189.189189189189,1
6060.606060606061,1
4516.129032258064,1
2425.742574257425,1
4619.565217391304,1
4810.810810810811,1
2441.176470588235,1
2789.115646258504,1
1803.030303030303,1
3960.352422907489,1
5157.48031496063,1
6030.534351145038,1
6124.031007751938,1
6334.586466165413,1
5357.142857142857,1
2790.0,1
4647.058823529412,1
4520.54794520548,1
4145.2991452991455,1
9154.589371980675,1
3051.020408163265,1
3591.549295774648,1
3802.8169014084506,1
3431.297709923664,1
3723.404255319149,1
4623.287671232877,1
4227.941176470588,1
6132.8125,1
3916.6666666666665,1
2946.428571428572,1
2254.901960784314,1
2829.7872340425533,1
3843.373493975904,1
4604.6511627906975,1
6026.315789473684,1
3080.0,1
5111.111111111111,1
1757.679180887372,1
4583.333333333333,1
2825.471698113208,1
5078.740157480315,1
1352.2727272727273,1
2921.348314606741,1
5300.0,1
2944.4444444444443,1
3351.3513513513512,1
933.3333333333334,1
3523.076923076923,1
2870.3703703703704,1
2851.851851851852,1
2548.7012987012986,1
2402.298850574713,1
2145.0,1
2831.5789473684213,1
4380.530973451328,1
3247.863247863248,1
2842.8571428571427,1
2260.27397260274,1
2797.752808988764,1
4050.632911392405,1
2621.951219512195,1
4250.0,1
4424.050632911392,1
3169.0140845070423,1
3037.5,1
2582.4175824175823,1
4051.7241379310335,1
1551.111111111111,1
2840.466926070039,1
4780.0,1
4135.802469135802,1
4055.555555555556,1
3364.423076923077,1
1661.904761904762,1
2096.153846153846,1
4269.841269841269,1
2240.0,1
2461.139896373057,1
2073.684210526316,1
3789.1704545454554,1
1734.7826086956522,1
855.8558558558559,1
2446.808510638298,1
1586.2068965517242,1
3853.6585365853657,1
1075.0,1
3505.1546391752577,1
1078.4313725490197,1
2169.082125603865,1
2020.5479452054797,1
3215.05376344086,1
1572.3684210526317,1
3216.374269005848,1
2218.3098591549297,1
1884.0579710144928,1
3395.061728395062,1
3014.705882352941,1
1748.4662576687117,1
2077.9220779220777,1
225.0,1
1104.7904191616767,1
1223.021582733813,1
3050.0,1
5316.666666666667,1
1838.5650224215249,1
1924.1379310344828,1
768.0412371134021,1
2370.689655172414,1
1992.3076923076924,1
2229.2993630573246,1
1872.18045112782,1
1440.7894736842106,1
2044.1176470588236,1
1988.888888888889,1
3309.3525179856115,1
3817.2043010752686,1
1474.3589743589744,1
2910.4477611940297,1
839.6946564885496,1
1135.1351351351352,1
6157.635467980295,1
1780.6122448979593,1
2551.7241379310344,1
969.9248120300751,1
2128.5714285714284,1
4538.461538461538,1
642.6735218508998,1
1213.0434782608695,1
4034.090909090909,1
594.059405940594,1
725.4901960784314,1
2136.7521367521367,1
1730.15873015873,1
2296.296296296296,1
1850.6493506493507,1
7189.5424836601305,1
3298.969072164949,1
2626.315789473684,1
612.2448979591836,1
2078.9473684210525,1
2843.1372549019607,1
3240.740740740741,1
3252.4271844660198,1
1659.090909090909,1
3747.670212765957,1
2454.6309012875536,1
2641.509433962264,1
1745.6140350877192,1
2455.3571428571427,1
3045.8015267175574,1
1656.25,1
3278.6339285714284,1
3456.6774193548385,1
1562.0915032679738,1
5231.481481481482,1
3526.858695652174,1
867.7685950413223,1
2008.9285714285716,1
2958.0152671755727,1
1353.7414965986395,1
2295.719844357977,1
1774.0384615384614,1
1890.0,1
1782.051282051282,1
1376.923076923077,1
913.0434782608696,1
2392.47311827957,1
1498.3333333333333,1
1328.2051282051282,1
3233.830845771144,1
4520.0,1
1241.6666666666667,1
1878.7878787878788,1
3792.372881355932,1
2496.1129032258063,1
1257.142857142857,1
3327.181818181818,1
1441.1764705882354,1
1978.339350180505,1
1510.8225108225108,1
1418.69918699187,1
965.8536585365854,1
3042.58125,1
3103.333333333333,1
3165.21875,1
3102.675675675676,1
4630.872483221477,1
1037.914691943128,1
2105.4852320675104,1
2472.222222222222,1
1067.415730337079,1
2419.928825622776,1
1072.0720720720722,1
1399.1596638655462,1
3685.185185185185,1
5308.641975308642,1
1668.918918918919,1
642.8571428571429,1
2360.2150537634407,1
2548.6725663716816,1
850.4273504273505,1
772.3577235772358,1
2149.425287356322,1
3422.069306930693,1
3423.24,1
3526.0091743119265,1
2293.43670886076,1
2465.3465346534654,1
2755.8548387096776,1
2338.5416666666665,1
3305.555555555556,1
3680.555555555556,1
4315.068493150685,1
1451.219512195122,1
872.5,1
1926.136363636364,1
2207.1428571428573,1
1754.9019607843138,1
3648.6486486486488,1
1871.345029239766,1
885.8267716535433,1
2006.4205457463884,1
1184.2105263157894,1
1462.2641509433963,1
2436.1702127659573,1
2521.3253012048194,1
1035.7142857142858,1
2004.1004184100416,1
3229.7297297297296,1
2480.4511278195487,1
2324.8062015503874,1
1706.5868263473053,1
758.0645161290323,1
726.2773722627737,1
4862.5,1
1993.2432432432436,1
2426.470588235294,1
1444.4444444444443,1
3165.3846153846152,1
1536.144578313253,1
2903.030303030303,1
217.3913043478261,1
1713.2867132867134,1
1370.5882352941176,1
1455.5555555555557,1
2805.8252427184466,1
3477.064220183486,1
1308.571428571429,1
3530.5343511450383,1
2442.622950819672,1
7410.714285714285,1
813.6363636363636,1
1604.878048780488,1
43000.01,1
2578.2312925170068,1
3388.349514563107,1
708.3333333333334,1
904.7619047619048,1
553.7037037037037,1
2181.818181818182,1
2324.074074074074,1
3590.1639344262294,1
3626.6666666666665,1
1506.849315068493,1
1313.6363636363635,1
1379.3103448275865,1
2581.318681318681,1
3239.1304347826085,1
1783.3333333333333,1
1245.8333333333333,1
963.855421686747,1
915.7472527472528,1
1798.735294117647,1
2492.1875,1
2335.9375,1
3018.4331797235022,1
5792.079207920792,1
1088.4353741496598,1
1973.3333333333333,1
2243.75,1
3357.487922705314,1
818.9300411522634,1
978.4313725490196,1
6360.0,1
6063.829787234043,1
1711.7117117117118,1
2278.761061946903,1
3272.619047619048,1
1612.4661246612466,1
823.5294117647059,1
888.268156424581,1
3143.939393939394,1
2753.731343283582,1
2849.740932642487,1
2672.2772277227723,1
1075.5395683453237,1
1477.4193548387098,1
1391.304347826087,1
2644.4444444444443,1
1758.241758241758,1
1744.186046511628,1
1891.891891891892,1
1987.951807228916,1
1258.0645161290322,1
1463.4146341463415,1
786.6666666666666,1
1292.134831460674,1
529.4117647058823,1
2757.894736842105,1
1707.0707070707072,1
2009.132420091324,1
4158.333333333333,1
1835.443037974684,1
4861.111111111111,1
2460.0,1
994.318181818182,1
2392.0,1
761.5384615384615,1
4006.211180124224,1
3955.223880597015,1
1510.7913669064749,1
2880.0,1
2275.641025641026,1
2245.0,1
9541.984732824429,1
1800.8474576271187,1
2648.3050847457625,1
2608.695652173913,1
955.4140127388536,1
1344.9367088607594,1
2521.367521367521,1
1635.7142857142858,1
3501.1847826086955,1
2112.5,1
5989.010989010989,1
1807.909604519774,1
2963.6363636363635,1
1629.3478260869565,1
1872.9166666666667,1
2537.313432835821,1
3736.559139784946,1
3754.098360655738,1
3457.446808510638,1
2963.917525773196,1
2436.274509803922,1
3424.242424242424,1
2215.277777777778,1
1275.5102040816328,1
2429.245283018868,1
1262.6262626262626,1
2750.8650519031144,1
3034.4827586206898,1
1482.4797843665767,1
2774.869109947644,1
3819.444444444444,1
2081.0185185185187,1
787.8787878787879,1
2830.188679245283,1
2990.0,1
3599.0,1
2684.2105263157896,1
1354.8387096774193,1
1886.5546218487395,1
2937.062937062937,1
2617.021276595745,1
3601.036269430052,1
2554.3478260869565,1
2720.408163265306,1
3940.081395348837,1
3760.869565217392,1
1027.3972602739725,1
3120.481927710844,1
3141.025641025641,1
3817.391304347826,1
3192.8571428571427,1
3144.293478260869,1
3704.7619047619046,1
1213.768115942029,1
2652.733118971061,1
1420.863309352518,1
3177.966101694916,1
1557.6923076923076,1
1373.5632183908046,1
3326.359832635984,1
2762.237762237762,1
2902.439024390244,1
2970.0934579439254,1
2161.6826923076924,1
2885.21875,1
2857.2923076923075,1
1819.148936170213,1
2255.293478260869,1
2372.4387096774194,1
2374.2631578947367,1
2406.024096385542,1
3134.9206349206347,1
1208.6513994910945,1
3236.3636363636365,1
2206.7039106145253,1
2668.1614349775787,1
2260.843373493976,1
5750.0,1
1327.1604938271605,1
3244.186046511628,1
3039.2156862745096,1
1774.703557312253,1
2541.6666666666665,1
4336.95652173913,1
1277.7777777777778,1
3439.655172413793,1
2306.25,1
11.961722488038278,1
3814.814814814815,1
2620.43795620438,1
2624.06015037594,1
2425.1012145748987,1
1339.1812865497077,1
2043.2692307692307,1
1635.2941176470588,1
1258.6750788643533,1
2515.463917525773,1
1053.3980582524273,1
3112.5,1
836.7952522255193,1
959.2592592592592,1
1937.5,1
2168.949771689497,1
1122.5,1
2380.9523809523807,1
1626.3157894736842,1
1603.448275862069,1
596.0,1
1336.1344537815123,1
1279.0697674418604,1
1881.1881188118807,1
2899.2248062015506,1
1816.6666666666667,1
1546.583850931677,1
4366.197183098591,1
2756.4102564102564,1
1839.0804597701149,1
1729.1666666666667,1
1718.1818181818182,1
2998.8888888888887,1
2583.14606741573,1
1895.424836601307,1
1841.0852713178292,1
1837.3493975903611,1
968.8715953307392,1
1720.6896551724135,1
4790.419161676647,1
3466.6666666666665,1
1189.4273127753304,1
1041.2573673870334,1
2612.5,1
1520.8695652173913,1
1028.6458333333333,1
2132.3529411764707,1
3658.5365853658536,1
2620.833333333333,1
2457.894736842105,1
1893.617021276596,1
2356.687898089172,1
4110.169491525424,1
2170.5882352941176,1
2252.1739130434785,1
1167.2473867595818,1
931.25,1
1360.0,1
2664.092664092664,1
2685.9504132231405,1
2650.1766784452298,1
3230.769230769231,1
1158.3333333333333,1
524.7524752475248,1
1013.2743362831858,1
1043.20987654321,1
1434.426229508197,1
1111.111111111111,1
2218.0451127819547,1
2346.938775510204,1
1193.6936936936936,1
2931.372549019608,1
1226.993865030675,1
2151.1627906976746,1
2056.07476635514,1
2194.4444444444443,1
2731.7073170731705,1
4203.539823008849,1
1505.3763440860216,1
1728.3950617283951,1
2655.555555555556,1
1460.1769911504423,1
1590.0,1
1702.127659574468,1
2148.1481481481483,1
3793.103448275862,1
3590.322580645161,1
3238.6363636363635,1
1423.469387755102,1
2385.44474393531,1
2324.6753246753246,1
4937.5,1
556.745182012848,1
1268.041237113402,1
6310.126582278481,1
2232.0,1
1954.5454545454545,1
1594.2028985507247,1
3718.75,1
983.3333333333334,1
2334.6303501945526,1
738.0,1
2427.536231884058,1
2125.2796420581653,1
1556.0,1
1715.3284671532847,1
1042.6356589147288,1
5283.018867924528,1
1856.5400843881855,1
2496.153846153846,1
812.7572016460905,1
758.1227436823104,1
1151.0791366906474,1
892.8571428571429,1
2752.442996742671,1
1357.6158940397352,1
1914.893617021277,1
3320.3125,1
1584.6153846153843,1
580.046403712297,1
1338.0281690140846,1
3376.0,1
3314.285714285714,1
2257.918552036199,1
1114.2857142857142,1
2121.212121212121,1
1197.1830985915492,1
3605.769230769231,1
2345.454545454545,1
1188.5245901639344,1
6100.0,1
1178.571428571429,1
1738.095238095238,1
933.5443037974684,1
3475.0,1
3065.3846153846152,1
2340.782122905028,1
491.8032786885246,1
1556.5217391304348,1
1013.5135135135135,1
1558.4415584415583,1
810.8108108108108,1
2072.0,1
2836.538461538461,1
2929.4117647058824,1
1761.764705882353,1
852.9411764705883,1
421.2765957446808,1
1823.5294117647056,1
3173.758865248227,1
313.1578947368421,1
1897.560975609756,1
990.0,1
2300.813008130081,1
1675.0,1
1113.6363636363635,1
660.0,1
2841.0596026490066,1
1345.0,1
2549.019607843137,1
1194.4444444444443,1
1830.7692307692307,1
4054.054054054054,1
2442.99674267101,1
2411.2903225806454,1
1701.0309278350514,1
1988.636363636364,1
3739.130434782609,1
5250.0,1
1193.1818181818182,1
1690.0,1
3349.514563106796,1
3403.409090909091,1
878.3783783783783,1
1435.6435643564355,1
658.3333333333334,1
2044.6096654275093,1
1069.364161849711,1
1672.268907563025,1
316.45569620253167,1
805.5555555555555,1
1155.5555555555557,1
1181.8181818181818,1
2468.354430379746,1
1854.4891640866872,1
1582.010582010582,1
1697.2789115646258,1
1855.813953488372,1
3644.06779661017,1
2072.463768115942,1
126.6624445851805,1
1633.8028169014085,1
1483.8709677419354,1
1308.139534883721,1
1405.660377358491,1
3254.5454545454545,1
2076.3888888888887,1
2795.6989247311826,1
915.966386554622,1
1376.0,1
1289.0625,1
3225.20325203252,1
3209.0163934426228,1
3101.9565217391305,1
3282.659574468085,1
3225.196850393701,1
3166.412213740458,1
3147.555555555556,1
3032.56,1
2839.3469387755104,1
1645.1612903225807,1
2473.913043478261,1
597.3451327433628,1
2841.3284132841327,1
1743.7722419928823,1
2123.2876712328766,1
1865.217391304348,1
1735.483870967742,1
1140.3508771929824,1
1788.4615384615386,1
1143.4108527131782,1
1566.2650602409635,1
818.5053380782919,1
7902.298850574713,1
6313.559322033899,1
782.6086956521739,1
3743.75,1
513.6986301369863,1
1511.6279069767445,1
1522.9885057471265,1
1459.4594594594594,1
1380.0,1
2487.5,1
2640.449438202247,1
2230.2158273381297,1
1748.5380116959063,1
1757.8125,1
5945.945945945946,1
1011.904761904762,1
492.1700223713647,1
868.9839572192514,1
976.5625,1
2412.5874125874125,1
2626.3736263736264,1
3053.333333333333,1
3217.8064516129034,1
875.4824902723735,1
613.9410187667561,1
2690.058479532164,1
2310.077519379845,1
1420.1954397394136,1
2807.692307692308,1
2365.2694610778444,1
1565.7894736842106,1
1604.1666666666667,1
5257.731958762886,1
1316.1764705882354,1
1763.6363636363635,1
551.1811023622047,1
1847.2222222222224,1
1344.5544554455446,1
3682.4877250409168,1
2092.1052631578946,1
768.1159420289855,1
997.5,1
3726.5917602996255,1
921.0526315789474,1
2712.8205128205127,1
2706.521739130435,1
1111.587982832618,1
3271.028037383177,1
3298.310606060606,1
6304.347826086957,1
3395.3488372093025,1
3244.68085106383,1
2720.7207207207207,1
2533.783783783784,1
669.8564593301436,1
3869.0476190476193,1
1456.0975609756097,1
3856.2091503267975,1
3247.422680412371,1
3482.1428571428573,1
1210.9375,1
5318.471337579618,1
6282.051282051282,1
9550.898203592817,1
3027.777777777778,1
1985.074626865672,1
4010.869565217392,1
1406.25,1
685.7142857142857,1
731.4410480349345,1
1260.8695652173913,1
2148.6486486486488,1
2978.723404255319,1
1148.6486486486488,1
3163.265306122449,1
1994.949494949495,1
1010.2739726027396,1
1208.3333333333333,1
753.7688442211055,1
1335.6164383561645,1
2970.2380952380954,1
1361.8677042801555,1
928.030303030303,1
718.3908045977012,1
1129.4498381877022,1
4400.0,1
1309.5238095238096,1
1860.119047619048,1
1622.5,1
3414.6341463414637,1
1158.311345646438,1
1719.8275862068965,1
1677.966101694915,1
1413.0434782608695,1
1434.2105263157894,1
1687.116564417178,1
2696.629213483146,1
537.0370370370371,1
1446.078431372549,1
634.3283582089553,1
1784.821428571429,1
1370.967741935484,1
3018.181818181818,1
1157.4074074074074,1
2263.157894736842,1
2342.8571428571427,1
2786.88524590164,1
2377.622377622378,1
2660.23166023166,1
3847.3520249221183,1
2829.5454545454545,1
3504.6728971962616,1
3011.6279069767443,1
3013.157894736842,1
3174.6031746031745,1
1494.8453608247423,1
2784.860557768924,1
3421.875,1
2512.9533678756475,1
3090.2061855670104,1
3064.4329896907216,1
2600.6944444444443,1
2989.175257731959,1
2067.8571428571427,1
1459.9483204134367,1
1983.695652173913,1
3037.3831775700933,1
2987.5,1
1229.5081967213114,1
2574.660633484163,1
1797.583081570997,1
2009.3457943925237,1
2047.872340425532,1
2910.25641025641,1
2512.8205128205127,1
1979.8657718120803,1
1656.6265060240964,1
2530.864197530864,1
3737.373737373737,1
2346.491228070176,1
1632.183908045977,1
1975.0,1
2287.3563218390805,1
2174.79674796748,1
1910.1382488479264,1
2356.223175965665,1
1433.5664335664335,1
2473.684210526316,1
1751.2953367875648,1
1124.2937853107344,1
1658.1632653061224,1
2961.7834394904457,1
2095.541401273885,1
1627.906976744186,1
1451.6129032258063,1
1655.4054054054054,1
1346.8468468468468,1
2206.185567010309,1
2072.9166666666665,1
1768.1818181818182,1
1771.1864406779662,1
2126.21359223301,1
3713.178294573644,1
1916.0,1
1803.7974683544303,1
2327.0440251572327,1
3515.625,1
1971.794871794872,1
3461.1111111111118,1
3370.93023255814,1
2180.9523809523807,1
1653.658536585366,1
3146.067415730337,1
3855.421686746988,1
2204.7244094488187,1
3247.191011235955,1
3606.060606060606,1
3270.4918032786886,1
1719.5767195767196,1
3288.659793814433,1
2580.6451612903224,1
1529.126213592233,1
2936.842105263158,1
2607.692307692308,1
1370.3703703703704,1
2966.101694915254,1
2686.7088607594937,1
2376.543209876543,1
4608.943143812709,1
2178.5714285714284,1
2958.0246913580245,1
3262.2950819672133,1
2640.229885057471,1
2253.787878787879,1
4421.875,1
2133.4043715847,1
2105.555555555556,1
1810.344827586207,1
2873.5632183908046,1
2462.121212121212,1
2537.037037037037,1
2195.945945945946,1
3418.3673469387754,1
3754.716981132076,1
4530.30303030303,1
6177.685950413224,1
3095.2380952380954,1
1974.3589743589744,1
7159.375,1
2014.5631067961165,1
3180.722891566265,1
1256.4102564102564,1
1299.5594713656387,1
5128.571428571428,1
2785.714285714286,1
2306.201550387597,1
2967.2619047619046,1
2457.286432160804,1
2559.2105263157896,1
2453.757225433526,1
2075.1445086705203,1
3436.25,1
2223.214285714286,1
2323.943661971831,1
2167.832167832168,1
1957.0552147239264,1
2843.5114503816794,1
2309.278350515464,1
4416.666666666667,1
2800.653594771242,1
2793.333333333333,1
1967.5090252707585,1
2631.5789473684213,1
2125.925925925926,1
1892.3076923076924,1
2304.6875,1
2681.159420289855,1
3990.4761904761904,1
1660.7142857142858,1
3769.230769230769,1
4482.758620689655,1
1735.5371900826449,1
1652.892561983471,1
1484.8484848484848,1
1779.7619047619048,1
2274.4186046511627,1
2439.0243902439024,1
3244.2105263157896,1
1891.19170984456,1
2456.7901234567903,1
1825.8426966292132,1
1851.1627906976744,1
4006.849315068493,1
2551.546391752577,1
2756.6765578635013,1
2641.025641025641,1
2861.4457831325303,1
2141.104294478528,1
2233.42939481268,1
2512.6050420168067,1
3411.214953271028,1
2231.5789473684213,1
2440.5594405594406,1
2778.260869565217,1
3111.764705882353,1
3421.428571428572,1
2700.8196721311474,1
1732.9192546583852,1
3519.230769230769,1
3271.428571428572,1
3018.691588785047,1
3218.0451127819547,1
3248.062015503876,1
1984.6938775510205,1
2928.994082840237,1
2457.03125,1
2061.611374407583,1
2711.1111111111118,1
2430.0699300699303,1
4686.746987951808,1
1970.059880239521,1
1871.2871287128712,1
3642.857142857143,1
2092.1787709497207,1
2280.0,1
3960.0,1
2118.8118811881186,1
3647.887323943662,1
3104.267217630854,1
4909.836065573771,1
2418.3673469387754,1
2119.0476190476197,1
2170.984455958549,1
3509.803921568628,1
2483.425414364641,1
2963.5761589403974,1
3042.3728813559323,1
2182.9268292682927,1
4597.014925373134,1
1848.148148148148,1
3427.4193548387098,1
2491.3793103448274,1
2888.157894736842,1
3557.1428571428573,1
3075.5813953488373,1
2467.2897196261683,1
2322.7513227513227,1
1097.4842767295595,1
2973.076923076923,1
3034.782608695652,1
2607.954545454545,1
2395.0,1
3043.478260869565,1
2302.3255813953488,1
3477.5888717156104,1
2957.920792079208,1
3022.7272727272725,1
1994.8186528497408,1
2786.6666666666665,1
3016.6666666666665,1
3525.252525252525,1
1533.6538461538462,1
1863.3093525179856,1
1879.2270531400968,1
2298.076923076923,1
1166.0377358490566,1
2336.734693877551,1
1870.967741935484,1
2208.904109589041,1
1537.7906976744189,1
1487.5621890547263,1
2688.622754491018,1
2986.013986013986,1
3258.620689655173,1
3553.5714285714284,1
1979.79797979798,1
1340.6940063091483,1
3709.45945945946,1
3428.5714285714284,1
3548.214285714286,1
2140.1869158878503,1
2223.021582733813,1
2438.775510204081,1
2089.74358974359,1
1909.090909090909,1
4052.631578947368,1
1815.6424581005588,1
1971.698113207547,1
2306.603773584906,1
1609.9706744868035,1
3303.030303030303,1
1941.860465116279,1
3445.454545454545,1
2241.5730337078653,1
2040.3587443946187,1
1824.8175182481752,1
2269.230769230769,1
1616.8831168831168,1
1945.3125,1
1752.6881720430108,1
2176.470588235294,1
1378.2051282051282,1
3294.416243654822,1
3190.4761904761904,1
2122.340425531915,1
1640.0,1
4972.289156626506,1
3407.055555555556,1
1535.4330708661416,1
2292.0353982300885,1
3633.3333333333335,1
1730.593607305936,1
3920.0,1
3406.7272727272725,1
3409.759493670886,1
3408.0153846153844,1
3401.3310810810813,1
1512.3456790123455,1
993.3333333333334,1
1317.180616740088,1
1640.9395973154362,1
2634.5177664974617,1
1645.0,1
3347.826086956521,1
2267.2413793103447,1
1817.4603174603171,1
1760.4166666666667,1
2251.6129032258063,1
1662.6794258373209,1
2011.71875,1
2569.4444444444443,1
2331.1688311688317,1
1729.3233082706768,1
1623.3766233766237,1
2088.6075949367087,1
3768.867924528302,1
1800.8849557522124,1
1613.970588235294,1
1582.2784810126582,1
2475.675675675676,1
2587.5,1
4157.894736842105,1
4120.833333333333,1
4466.666666666667,1
4376.068376068376,1
4496.18320610687,1
4035.714285714286,1
3465.3465346534654,1
3230.0884955752213,1
3141.592920353982,1
3673.469387755102,1
3318.5840707964603,1
3153.846153846154,1
1352.3035230352305,1
1627.450980392157,1
1815.0684931506848,1
2536.3636363636365,1
1424.0506329113923,1
3902.84375,1
3584.6181818181817,1
3458.0375939849623,1
2329.7872340425533,1
1209.3023255813953,1
2004.0106951871655,1
1034.1463414634147,1
2289.156626506024,1
1544.2477876106195,1
2726.4150943396226,1
2351.4851485148515,1
2814.4654088050315,1
1772.162162162162,1
4256.756756756757,1
1946.9026548672568,1
3405.310606060606,1
1470.276633313714,1
2423.312883435583,1
2742.682926829268,1
2720.5882352941176,1
3842.105263157895,1
2446.078431372549,1
1689.2307692307693,1
2881.5789473684213,1
1465.2567975830816,1
5107.526881720431,1
1952.7027027027027,1
1630.4347826086955,1
2231.182795698925,1
930.58568329718,1
2933.823529411765,1
3464.9122807017543,1
1967.5925925925928,1
2046.1538461538464,1
3070.25,1
3295.0151515151515,1
4608.974358974359,1
3873.873873873874,1
4648.648648648648,1
3318.9655172413795,1
3221.9166666666665,1
4122.330097087379,1
4956.79012345679,1
3894.0,1
3317.267716535433,1
3316.6456692913384,1
3316.1181102362207,1
3736.110465116279,1
1702.5316455696202,1
2219.251336898396,1
1106.8702290076335,1
3384.080459770115,1
3705.128205128205,1
3184.931506849315,1
2089.402366863905,1
2056.5147928994083,1
2087.431952662722,1
2463.514285714285,1
1815.1515151515152,1
2454.5454545454545,1
4480.519480519481,1
3428.945652173913,1
3406.492424242424,1
3663.5944700460823,1
3252.903703703704,1
3158.1374045801526,1
2924.115606936416,1
3381.48031496063,1
2776.946107784431,1
2865.418181818182,1
3093.1714285714284,1
3186.656488549618,1
3366.503759398496,1
2826.2484848484846,1
3173.031496062992,1
3372.0676691729323,1
3951.315789473684,1
4314.615384615385,1
1814.5454545454545,1
3616.071428571429,1
3109.375,1
2135.9223300970875,1
2808.988764044944,1
1669.1449814126397,1
1736.318407960199,1
2880.4347826086955,1
3104.7904191616767,1
2988.165680473373,1
3284.722222222222,1
2961.077844311377,1
3282.608695652174,1
1909.5477386934676,1
2581.3008130081303,1
1946.1077844311376,1
2371.428571428572,1
1647.2868217054263,1
1505.050505050505,1
1619.718309859155,1
2505.3763440860216,1
2950.7042253521126,1
2254.7169811320755,1
995.3703703703704,1
3157.894736842105,1
3453.6082474226805,1
2564.935064935065,1
3046.979865771812,1
3067.114093959732,1
3089.887640449438,1
4042.553191489362,1
3184.6153846153848,1
3147.5409836065573,1
3254.237288135593,1
3025.252525252525,1
2901.234567901234,1
2545.454545454545,1
4957.855614973262,1
1595.890410958904,1
2989.1304347826085,1
1140.0,1
2564.3564356435645,1
2988.8268156424583,1
3094.1176470588234,1
3684.6153846153848,1
3132.596685082873,1
4850.0,1
2417.5824175824177,1
2434.2105263157896,1
3191.176470588235,1
2703.030303030303,1
2638.5542168674697,1
3113.793103448276,1
3494.8453608247423,1
3158.5365853658536,1
2345.5882352941176,1
1935.344827586207,1
3972.6027397260273,1
4690.909090909091,1
3388.8888888888887,1
3423.728813559322,1
3311.4754098360654,1
3338.983050847457,1
3594.3396226415093,1
3171.717171717172,1
4354.545454545455,1
3522.7272727272725,1
1068.9655172413793,1
2737.7049180327867,1
2331.0810810810813,1
1580.4597701149426,1
4301.724137931034,1
1787.3303167420815,1
3891.304347826087,1
2897.058823529412,1
2541.4012738853503,1
2170.5426356589146,1
2828.9473684210525,1
2960.5263157894738,1
2611.1111111111118,1
1455.2238805970148,1
2024.647887323944,1
2745.0,1
3217.8217821782177,1
2721.0055555555555,1
2634.6728395061727,1
3102.222222222222,1
2347.058823529412,1
566.7506297229219,1
2781.8791946308725,1
2782.4858757062148,1
2834.3023255813955,1
4194.805194805195,1
4009.433962264151,1
4139.175257731959,1
4068.627450980392,1
1954.732510288066,1
3741.935483870968,1
3399.014778325123,1
3873.134328358209,1
3579.5454545454545,1
3011.3636363636365,1
2150.0,1
2703.349282296651,1
3051.2820512820517,1
2209.8765432098767,1
5734.782608695652,1
2553.648068669528,1
2693.4306569343066,1
2033.4928229665072,1
1614.55525606469,1
3452.830188679245,1
2920.0,1
1707.6923076923076,1
2548.543689320388,1
2803.5714285714284,1
3220.779220779221,1
2216.931216931217,1
2399.1935483870966,1
2611.9402985074626,1
4373.626373626374,1
2710.144927536232,1
2761.538461538461,1
1826.5682656826568,1
3072.6256983240223,1
1478.3599088838268,1
2425.0,1
2762.135922330097,1
2690.217391304348,1
1455.2845528455284,1
1393.782383419689,1
1219.5121951219512,1
2498.8636363636365,1
1355.9322033898304,1
1020.408163265306,1
2573.0337078651687,1
1167.6646706586826,1
1121.2121212121212,1
1836.1581920903957,1
1230.7692307692307,1
1991.489361702128,1
1158.9403973509934,1
569.620253164557,1
1149.5575221238937,1
1337.2093023255811,1
1231.3432835820895,1
1029.4117647058824,1
1684.6153846153843,1
1015.7480314960628,1
2147.058823529412,1
1161.9718309859154,1
1549.2957746478874,1
707.5424528301887,1
512.8939828080229,1
1953.125,1
1370.1923076923076,1
1696.428571428571,1
1648.7603305785124,1
1093.2203389830509,1
1069.182389937107,1
1612.5,1
832.2916666666666,1
1796.116504854369,1
1446.842105263158,1
1331.2101910828026,1
2811.0416666666665,1
1832.0,1
2920.792079207921,1
531.9148936170212,1
1545.4545454545455,1
2091.8367346938776,1
1408.7301587301588,1
1647.8021978021975,1
1765.7142857142858,1
1772.4867724867725,1
1489.1304347826087,1
989.0625,1
1151.1627906976744,1
1094.1176470588234,1
772.7272727272727,1
818.9655172413793,1
954.1984732824428,1
988.950276243094,1
1470.1195219123506,1
1858.2089552238808,1
777.7777777777778,1
634.6153846153846,1
1023.0769230769232,1
2004.5045045045044,1
853.2608695652174,1
1231.8840579710145,1
1978.021978021978,1
1761.904761904762,1
2051.2820512820517,1
2766.6666666666665,1
3476.190476190476,1
1118.75,1
311550.0,1
1516.1290322580646,1
786.1635220125786,1
2445.454545454545,1
683.59375,1
2267.4418604651164,1
688.0733944954128,1
1674.107142857143,1
1099.264705882353,1
13000.0,1
2453.598639455782,1
2343.0315789473684,1
2253.612244897959,1
1998.9304812834223,1
2758.288770053476,1
2151.025316455696,1
1929.4117647058824,1
1726.190476190476,1
2083.325,1
2357.6642335766423,1
2375.886524822695,1
1225.0,1
1472.2222222222222,1
1321.5859030837005,1
2087.6288659793813,1
1101.6949152542372,1
929.4871794871794,1
1438.888888888889,1
1357.142857142857,1
1187.2146118721462,1
1420.7650273224044,1
970.1492537313432,1
1388.888888888889,1
1098.89010989011,1
967.741935483871,1
2003.5211267605637,1
1647.321428571429,1
2309.090909090909,1
2210.084033613445,1
952.3560209424083,1
2181.25,1
1283.505154639175,1
1055.9006211180124,1
2279.8245614035086,1
2140.495867768595,1
1442.7480916030534,1
1676.470588235294,1
2700.7299270072995,1
1209.6774193548388,1
1033.3333333333333,1
1622.5165562913908,1
1883.1168831168832,1
2041.6666666666667,1
792.6829268292682,1
2341.176470588235,1
881.4814814814815,1
2704.081632653061,1
938.8888888888888,1
1824.0,1
2233.333333333333,1
1716.0493827160494,1
1025.6410256410256,1
1767.9558011049724,1
3852.857142857143,1
1899.0,1
307.6923076923077,1
1328.125,1
1323.529411764706,1
1326.9961977186313,1
1618.705035971223,1
517.2413793103449,1
2101.449275362319,1
1855.018587360595,1
1757.142857142857,1
1360.655737704918,1
1199.248120300752,1
558.252427184466,1
1562.4921875,1
2448.493670886076,1
2196.791443850268,1
1508.6206896551723,1
1112.6760563380285,1
994.4444444444443,1
1185.7142857142858,1
708.3870967741935,1
571.4285714285714,1
916.2303664921466,1
1695.0354609929077,1
1986.6666666666667,1
935.483870967742,1
2821.428571428572,1
1705.8823529411766,1
1956.043956043956,1
972.027972027972,1
435.656836461126,1
724.233983286908,1
1480.2631578947369,1
1473.6842105263158,1
340.4255319148936,1
1170.3703703703704,1
1133.6633663366338,1
1038.4615384615386,1
827.5862068965517,1
2290.0,1
2363.013698630137,1
2017.5438596491229,1
1266.6666666666667,1
1283.7837837837835,1
1536.3636363636365,1
1224.2798353909466,1
1202.5862068965516,1
1939.3939393939395,1
1077.6942355889723,1
536.5079365079365,1
2659.259259259259,1
943.0379746835443,1
761.3636363636364,1
2314.814814814815,1
1294.1176470588234,1
1981.132075471698,1
1754.3859649122808,1
1826.4984227129337,1
3209.6774193548385,1
783.5820895522388,1
1592.9115044247787,1
1467.948717948718,1
2094.736842105264,1
1822.3350253807107,1
2172.7272727272725,1
4045.4545454545455,1
2635.135135135135,1
1153.8461538461538,1
2165.217391304348,1
1335.820895522388,1
1083.9160839160838,1
2258.064516129032,1
1176.470588235294,1
1741.8181818181818,1
555.8823529411765,1
1631.578947368421,1
1382.608695652174,1
1716.4179104477612,1
1032.4675324675325,1
1359.7122302158273,1
1111.842105263158,1
1146.551724137931,1
781.25,1
1434.108527131783,1
573.9348370927319,1
725.0,1
1259.8425196850394,1
3313.253012048193,1
1443.1486880466473,1
2956.989247311828,1
1158.9958158995817,1
1645.8333333333333,1
838.4615384615385,1
1973.684210526316,1
1328.571428571429,1
3412.903225806452,1
1919.7080291970804,1
952.3809523809524,1
1769.9115044247787,1
1286.5168539325844,1
1063.8297872340424,1
908.9253187613843,1
1895.2380952380952,1
3126.865671641791,1
2873.134328358209,1
1043.4782608695652,1
1528.9256198347107,1
1778.571428571429,1
1573.1707317073171,1
919.7530864197532,1
1280.3738317757009,1
1650.6024096385545,1
1093.75,1
1034.4827586206898,1
1232.142857142857,1
646.7661691542288,1
1770.3703703703704,1
1991.304347826087,1
570.5128205128206,1
1976.190476190476,1
1180.5555555555557,1
1621.6216216216217,1
919.1176470588236,1
1204.1884816753927,1
1741.573033707865,1
2241.935483870968,1
1043.859649122807,1
1243.75,1
645.0704225352113,1
1090.909090909091,1
3237.5,1
4135.135135135135,1
10540.54054054054,1
2860.294117647059,1
3196.0,1
2613.6363636363635,1
1886.5979381443296,1
3458.333333333333,1
1179.4871794871794,1
2078.260869565217,1
2429.268292682927,1
2726.190476190476,1
3096.551724137931,1
2975.4601226993864,1
3028.089887640449,1
2607.843137254902,1
1849.4208494208492,1
1685.9903381642512,1
1805.3691275167785,1
2858.265306122449,1
3237.935135135135,1
3754.746753246753,1
3254.021052631579,1
2590.251366120219,1
3249.880681818182,1
1987.704918032787,1
1689.265536723164,1
2803.030303030303,1
2070.063694267516,1
3325.0,1
1894.7368421052631,1
2491.935483870968,1
1701.388888888889,1
1682.2429906542056,1
1224.7191011235957,1
1596.0,1
946.808510638298,1
741.6666666666666,1
2801.1204481792715,1
952.1739130434784,1
1105.2631578947369,1
1590.909090909091,1
1546.875,1
895.8333333333334,1
966.019417475728,1
1504.3117647058823,1
2061.9469026548672,1
1922.5,1
1124.3386243386244,1
1170.5882352941176,1
1585.3658536585365,1
1112.5,1
1059.6026490066224,1
7800.0,1
1948.051948051948,1
1774.7747747747749,1
2577.689243027889,1
2202.3255813953488,1
716.5109034267913,1
2263.6363636363635,1
2207.2072072072074,1
3836.231884057971,1
1455.8823529411766,1
3196.629213483146,1
1433.3333333333333,1
3309.3922651933703,1
3212.121212121212,1
3002.7322404371585,1
2717.391304347826,1
3366.279069767442,1
2351.648351648352,1
2683.823529411765,1
2893.1297709923665,1
2215.3846153846152,1
1520.8333333333333,1
3179.2828685258964,1
1731.6831683168316,1
4607.692307692308,1
2490.03984063745,1
2106.741573033708,1
2744.8979591836733,1
2576.470588235294,1
4730.0546875,1
3056.451612903226,1
2364.640883977901,1
2158.653846153846,1
3819.6721311475408,1
4731.707317073171,1
4966.216216216216,1
5937.5,1
5373.626373626374,1
2133.7579617834394,1
2683.5443037974683,1
1845.890410958904,1
3467.5324675324678,1
2144.3298969072166,1
1859.903381642512,1
3444.6848484848483,1
2447.368421052632,1
3386.3636363636365,1
3567.901234567901,1
3455.4455445544554,1
3414.4144144144143,1
3548.076923076923,1
3554.4554455445545,1
3537.6344086021504,1
3990.0,1
3911.764705882353,1
4017.2413793103447,1
3490.4458598726114,1
1887.8718535469104,1
1819.2219679633868,1
1950.0,1
3315.7894736842104,1
2479.26267281106,1
1811.023622047244,1
1987.3417721518988,1
1370.253164556962,1
2926.315789473684,1
2709.251101321586,1
1703.5175879396984,1
4996.969696969697,1
2852.3489932885905,1
3595.041322314049,1
2179.48717948718,1
3085.1079545454545,1
3307.6648648648647,1
1174.5283018867924,1
1042.1052631578948,1
1105.5555555555557,1
1532.846715328467,1
1190.0,1
1811.5942028985507,1
2172.619047619048,1
1126.6666666666667,1
633.6585365853658,1
1531.25,1
1506.3291139240507,1
1842.5925925925928,1
1165.0485436893205,1
1298.932384341637,1
1266.0944206008585,1
1983.4710743801647,1
2193.396226415094,1
1048.076923076923,1
1628.7878787878788,1
1182.7956989247311,1
2288.235294117647,1
779.5275590551181,1
1540.909090909091,1
712.8205128205128,1
1192.0,1
929.4117647058824,1
2467.5324675324678,1
1630.13698630137,1
944.4444444444443,1
2277.1428571428573,1
735.2941176470588,1
617.6470588235294,1
1687.1345029239767,1
1776.7857142857142,1
1790.0,1
1330.357142857143,1
922.4806201550388,1
651.0416666666666,1
1080.0,1
1600.877192982456,1
2058.8161764705883,1
1544.943820224719,1
2152.0,1
321050.0,1
1160.7142857142858,1
1557.142857142857,1
1888.888888888889,1
1973.0263157894735,1
1325.7575757575758,1
642.4581005586592,1
855.2631578947369,1
1684.2105263157894,1
1393.939393939394,1
1572.5806451612902,1
2157.954545454545,1
1004.9019607843136,1
3247.787610619469,1
647.0588235294117,1
1482.7586206896551,1
2213.675213675214,1
570.9876543209876,1
1609.090909090909,1
947.0899470899471,1
977.0114942528736,1
1694.214876033058,1
2116.788321167883,1
928.5714285714286,1
498.0,1
1230.15873015873,1
952.0958083832336,1
1234.567901234568,1
1157.8947368421052,1
1647.0588235294117,1
1217.391304347826,1
1342.857142857143,1
659.2592592592592,1
841.3461538461538,1
3046.875,1
924.3697478991596,1
1280.952380952381,1
3211.864406779661,1
2111.538461538461,1
944.055944055944,1
1086.9565217391305,1
771.4285714285714,1
1218.4873949579833,1
1442.3076923076924,1
520.8333333333334,1
843.75,1
2007.1720430107528,1
2211.253731343284,1
1777.3709677419354,1
2361.884892086331,1
1707.645161290323,1
1065.2173913043478,1
1665.625,1
1269.84126984127,1
2575.1295336787566,1
608.695652173913,1
1681.8181818181818,1
1018.0722891566264,1
814.4329896907217,1
1168.2242990654206,1
1540.6976744186047,1
2746.376811594203,1
2170.731707317073,1
1388.0597014925372,1
906.9767441860464,1
2036.082474226804,1
890.9090909090909,1
1237.1134020618556,1
1449.7041420118344,1
1341.2698412698412,1
1685.8108108108108,1
827.7777777777778,1
2282.608695652174,1
892.2155688622754,1
1381.578947368421,1
1272.189349112426,1
1703.2967032967033,1
1734.4497607655503,1
3263.4730538922154,1
2054.263565891473,1
1646.341463414634,1
1006.7114093959732,1
1234.4827586206898,1
1236.842105263158,1
2330.0,1
1478.8732394366198,1
5289.156626506024,1
1707.3170731707316,1
2007.042253521127,1
3868.5401459854015,1
5136.986301369863,1
5294.117647058823,1
3493.5064935064934,1
1323.809523809524,1
3172.043010752688,1
1288.235294117647,1
2803.191489361702,1
2670.2702702702704,1
3717.948717948718,1
7764.705882352941,1
1515.1515151515152,1
2197.3094170403588,1
2018.3823529411768,1
914.1104294478528,1
2077.777777777778,1
3332.222222222222,1
3104.395604395605,1
3489.090909090909,1
4196.428571428572,1
1764.1176470588234,1
4602.564102564103,1
4454.545454545455,1
5816.666666666667,1
1915.584415584416,1
2705.4794520547944,1
1661.4583333333333,1
3599.705882352941,1
3931.550632911392,1
3983.795180722892,1
856.8702290076336,1
1146.788990825688,1
4216.867469879519,1
1971.7514124293784,1
3072.289156626506,1
747.0119521912351,1
9.49616368286445,1
4591.240875912409,1
4300.653594771242,1
4572.815533980583,1
3422.4137931034484,1
1078.817733990148,1
3094.8275862068967,1
1862.5,1
2895.3488372093025,1
2286.1952861952864,1
1401.5151515151515,1
2813.0,1
1141.5929203539822,1
1616.2162162162165,1
3778.625954198473,1
1417.5824175824175,1
1549.1803278688524,1
1171.5686274509803,1
1159.090909090909,1
3691.358024691358,1
2006.9444444444443,1
2761.194029850746,1
1892.5619834710744,1
19044.117647058825,1
4553.571428571428,1
3538.4615384615386,1
4523.253968253968,1
1576.158940397351,1
6377.5,1
6529.850746268657,1
6764.705882352941,1
4779.411764705882,1
2697.297297297297,1
1362.962962962963,1
1931.3181818181815,1
1574.2574257425742,1
16611.11111111111,1
3367.368421052632,1
6102.040816326531,1
998.75,1
1506.0240963855422,1
2990.654205607477,1
3476.7441860465115,1
2848.5148514851485,1
2346.4939759036147,1
990.521327014218,1
8437.5,1
3196.72131147541,1
11187.5,1
1354.5454545454545,1
5445.454545454545,1
2948.9795918367345,1
690.4761904761905,1
7876.712328767123,1
1280.701754385965,1
4842.857142857143,1
1983.644859813084,1
1435.8974358974358,1
10000.0,1
1744.4444444444443,1
2449.056603773585,1
2171.0526315789475,1
1374.384236453202,1
1830.9859154929577,1
1488.5057471264367,1
1738.255033557047,1
806.8535825545172,1
2550.4193548387098,1
1108.0246913580247,1
1819.89247311828,1
2191.3294797687863,1
1306.8181818181818,1
7579.113924050633,1
1103.6036036036037,1
1396.341463414634,1
6142.857142857143,1
1351.7441860465117,1
3262.4113475177305,1
2530.5882352941176,1
2331.683168316832,1
619.6581196581196,1
4243.90243902439,1
1567.5675675675675,1
3292.4528301886794,1
4027.027027027027,1
1169.5652173913045,1
2306.3973063973062,1
1047.6190476190477,1
3038.043478260869,1
3878.048780487805,1
2165.714285714286,1
4609.375,1
7158.333333333333,1
1876.3440860215053,1
2112.299465240642,1
2933.9449541284403,1
1746.5753424657537,1
4362.5,1
3320.0,1
4827.956989247312,1
4922.077922077922,1
3736.1111111111113,1
3101.694915254237,1
1864.5833333333333,1
1515.2838427947595,1
2031.746031746032,1
4984.375,1
2559.5238095238096,1
1021.6216216216216,1
1743.75,1
2842.3076923076924,1
2857.692307692308,1
3248.175182481752,1
3256.9444444444443,1
3084.967320261438,1
4750.0,1
1849.3150684931504,1
1107.5949367088608,1
832.4607329842931,1
2981.927710843373,1
1993.8650306748464,1
1211.6564417177915,1
4515.151515151515,1
3069.6721311475408,1
1603.3333333333333,1
1074.87922705314,1
1546.6666666666667,1
1953.0386740331487,1
1143.7908496732025,1
1270.408163265306,1
1672.4137931034484,1
3119.318181818182,1
3283.333333333333,1
4930.769230769231,1
5203.883495145631,1
5000.990099009901,1
3757.471264367816,1
3992.4050632911394,1
4472.0,1
6407.777777777777,1
2093.0232558139537,1
1316.4556962025315,1
1919.642857142857,1
1860.0,1
2367.4698795180725,1
3292.682926829268,1
2235.955056179775,1
1519.6078431372548,1
3230.519480519481,1
2190.4761904761904,1
4240.740740740741,1
1857.638888888889,1
3442.0289855072465,1
1773.809523809524,1
2483.870967741936,1
1070.0,1
2394.285714285714,1
2494.949494949495,1
1205.607476635514,1
2223.3009708737864,1
1334.821428571429,1
1006.9444444444443,1
10177.777777777776,1
5116.402116402116,1
2281.25,1
2929.6875,1
1668.826714801444,1
1757.4187725631768,1
1869.8736462093864,1
2354.8387096774195,1
2544.1176470588234,1
2590.322580645161,1
5297.872340425532,1
2788.4615384615386,1
3265.30612244898,1
1031.4685314685314,1
1657.5342465753424,1
4246.0317460317465,1
1324.3243243243244,1
2085.271317829457,1
4912.2807017543855,1
3086.3636363636365,1
3229.4117647058824,1
3530.769230769231,1
3242.2680412371133,1
466.804979253112,1
2792.2077922077924,1
4294.871794871795,1
4320.754716981132,1
3690.0,1
3850.0,1
849.802371541502,1
1948.728813559322,1
2092.2619047619046,1
2266.6666666666665,1
3105.2631578947367,1
4869.2307692307695,1
3205.128205128205,1
3933.823529411765,1
2684.6846846846847,1
945.5587392550144,1
2323.529411764706,1
4388.888888888889,1
2106.6666666666665,1
3056.818181818182,1
14017.543859649122,1
3304.635761589404,1
3106.060606060606,1
5681.818181818182,1
3634.1463414634154,1
2890.909090909091,1
3302.7522935779816,1
1552.0833333333333,1
2490.740740740741,1
699.2337164750958,1
1305.8252427184466,1
1619.469026548673,1
1094.0438871473357,1
4076.923076923077,1
5755.555555555556,1
5524.271844660194,1
2757.692307692308,1
5523.2558139534885,1
4380.116959064328,1
3628.571428571429,1
2303.846153846154,1
1373.2394366197184,1
2225.0,1
2842.51968503937,1
2115.151515151515,1
2215.1898734177216,1
1602.4096385542168,1
3269.230769230769,1
4760.0,1
2883.720930232558,1
3668.807339449541,1
3671.875,1
1691.1764705882354,1
3780.0,1
4048.951048951049,1
2992.4242424242425,1
4297.2972972972975,1
3822.1153846153848,1
5597.014925373134,1
3933.3333333333335,1
4293.650793650793,1
2066.115702479339,1
6203.703703703704,1
2911.392405063292,1
3068.181818181818,1
918.421052631579,1
3300.3636363636365,1
3538.122448979592,1
2818.359154929577,1
4774.744027303755,1
2816.9014084507044,1
4083.969465648855,1
3567.0731707317077,1
2265.625,1
1533.3333333333333,1
3155.339805825243,1
3337.6438356164385,1
3280.890410958904,1
2115.3846153846152,1
6137.931034482759,1
2892.156862745098,1
3526.785714285714,1
2627.1186440677966,1
2900.0,1
4162.790697674419,1
4368.421052631579,1
4368.131868131868,1
4615.384615384615,1
2325.5813953488373,1
2476.923076923077,1
2125.984251968504,1
1065.573770491803,1
1480.1980198019803,1
4358.974358974359,1
2067.0391061452515,1
1832.4607329842927,1
3785.714285714286,1
3419.5402298850577,1
5174.418604651163,1
3206.521739130435,1
2071.428571428572,1
3839.183486238532,1
4055.753731343284,1
1756.0,1
4167.694029850746,1
3756.7567567567567,1
852.2727272727273,1
2466.2921348314608,1
2554.878048780488,1
3029.197080291971,1
2434.5549738219897,1
2688.1720430107525,1
4291.044776119403,1
4179.104477611941,1
3484.126984126984,1
7215.686274509804,1
3070.9876543209875,1
1995.0,1
3264.462809917356,1
385050.0,1
349350.0,1
381050.0,1
386050.0,1
4459.459459459459,1
1915.3846153846157,1
2882.8125,1
2541.711229946524,1
2954.5454545454545,1
2991.8032786885246,1
4105.263157894737,1
2712.328767123288,1
4722.222222222223,1
2853.5353535353534,1
3198.924731182796,1
2292.9936305732485,1
1383.928571428571,1
458.7155963302752,1
3344.8275862068967,1
1919.2307692307693,1
4788.461538461538,1
2458.823529411765,1
2623.762376237624,1
2649.397590361446,1
2585.185185185185,1
3135.4166666666665,1
2256.4102564102564,1
2259.6153846153848,1
2076.894736842105,1
3861.1111111111113,1
1243.2915921288015,1
1515.8371040723982,1
5176.470588235294,1
4269.2307692307695,1
2932.098765432099,1
2245.762711864407,1
3192.4198250728864,1
2811.3207547169814,1
2728.013029315961,1
3009.433962264151,1
2391.304347826087,1
2625.032786885246,1
2207.993670886076,1
2353.6530612244896,1
3343.75,1
2564.516129032258,1
4128.787878787879,1
699.5305164319249,1
1417.0616113744077,1
1763.970588235294,1
2936.5079365079364,1
1629.6296296296296,1
2486.910994764398,1
3671.428571428572,1
3358.208955223881,1
4128.205128205128,1
3783.3333333333335,1
3935.7798165137615,1
3730.0,1
4383.2599118942735,1
3291.6666666666665,1
2295.918367346939,1
2136.3636363636365,1
2180.851063829787,1
3103.448275862069,1
4367.469879518072,1
3172.169811320755,1
1033.834586466165,1
2196.969696969697,1
4423.076923076923,1
4326.923076923077,1
2301.3245033112585,1
3910.714285714286,1
2583.333333333333,1
1778.082191780822,1
4265.486725663717,1
4673.913043478261,1
3156.5656565656564,1
3856.5891472868216,1
3975.0,1
1313.1313131313132,1
3908.695652173913,1
2887.0967741935483,1
1783.9195979899498,1
2705.8823529411766,1
8428.57142857143,1
11500.0,1
2033.5195530726255,1
1961.290322580645,1
2788.732394366197,1
1067.1140939597317,1
2826.086956521739,1
1069.4444444444443,1
5472.44094488189,1
4260.0,1
6005.025125628141,1
10241.935483870968,1
2248.730964467005,1
4607.142857142857,1
2616.4383561643835,1
747.6635514018692,1
496.6814159292035,1
2212.85140562249,1
2714.34,1
2774.7652173913043,1
3267.671232876712,1
1751.2690355329948,1
3738.095238095238,1
4629.62962962963,1
2670.103092783505,1
4760.869565217391,1
2751.4792899408285,1
3393.939393939394,1
2953.7366548042705,1
2617.44966442953,1
2223.076923076923,1
3075.3846153846152,1
924.4186046511628,1
1088.888888888889,1
1955.4455445544556,1
2315.7894736842104,1
2903.2258064516127,1
4315.789473684211,1
1259.493670886076,1
2591.9732441471574,1
5297.619047619048,1
3532.934131736527,1
901.8087855297158,1
2167.1278538812785,1
2521.978021978022,1
2182.574074074074,1
2802.6315789473683,1
2494.318181818182,1
3092.4657534246576,1
2958.904109589041,1
3141.4141414141413,1
3530.8056872037914,1
2225.609756097561,1
3236.79727427598,1
3188.0733944954127,1
2526.881720430108,1
3232.758620689656,1
1550.802139037433,1
3789.0625,1
2560.483870967742,1
1490.9638554216867,1
4988.888888888889,1
3565.5737704918038,1
1738.3720930232555,1
1861.7886178861788,1
8519.736842105263,1
3159.090909090909,1
1392.857142857143,1
2435.897435897436,1
1844.2622950819675,1
2521.7391304347825,1
1558.0357142857142,1
3811.881188118812,1
4587.8378378378375,1
3115.942028985507,1
2594.3396226415093,1
5751.173708920188,1
2550.143266475645,1
4197.530864197531,1
1039.1304347826087,1
1942.857142857143,1
2958.620689655173,1
2564.601769911505,1
2147.239263803681,1
1826.923076923077,1
2430.894308943089,1
3660.714285714286,1
3407.079646017699,1
1338.9830508474577,1
1710.5263157894738,1
1792.5696594427243,1
4505.494505494506,1
1233.6814621409922,1
1324.4837758112094,1
1210.1910828025475,1
4193.68,1
3090.0,1
2195.0,1
1975.683890577508,1
1735.7512953367875,1
2534.6153846153848,1
858.508604206501,1
2632.978723404255,1
2682.692307692308,1
3892.857142857143,1
4328.358208955224,1
4295.774647887324,1
4385.964912280701,1
1847.8260869565215,1
2262.5698324022346,1
2128.491620111732,1
2423.083333333333,1
2043.72131147541,1
2587.912162162162,1
3329.3650793650795,1
3210.31746031746,1
3528.9256198347107,1
3230.15873015873,1
1362.7450980392157,1
2532.994923857868,1
7960.0,1
5813.953488372093,1
3679.245283018868,1
4215.55303030303,1
4291.72,1
2956.25,1
2861.1111111111118,1
2288.732394366197,1
2669.2913385826773,1
3488.745980707396,1
2046.448087431694,1
2926.5615384615385,1
2588.333333333333,1
2530.769230769231,1
2959.259259259259,1
3346.368715083799,1
2186.3117870722435,1
1685.3932584269662,1
3929.1338582677167,1
3135.593220338983,1
2467.948717948718,1
2625.8064516129034,1
2883.211678832117,1
1493.9271255060728,1
1794.2583732057417,1
1761.5384615384614,1
2628.6127167630057,1
1258.5034013605443,1
2996.6666666666665,1
2574.2574257425745,1
840.5172413793103,1
3085.271317829457,1
3189.080459770115,1
2414.0127388535034,1
1491.6666666666667,1
1572.0720720720722,1
4303.921568627451,1
4329.514018691589,1
2435.374149659864,1
2799.295774647888,1
2503.937007874016,1
2897.289156626506,1
2208.5797101449275,1
2567.391061452514,1
2694.641975308642,1
1288.4615384615386,1
1797.3856209150326,1
695.0,1
792.8802588996764,1
3848.484848484849,1
4095.471698113208,1
3219.696969696969,1
2473.404255319149,1
1358.974358974359,1
1904.5454545454545,1
3453.846153846154,1
564.516129032258,1
2268.292682926829,1
3061.3207547169814,1
1181.25,1
956.6787003610108,1
2857.4257425742576,1
1106.6666666666667,1
3122.282608695652,1
2978.285714285714,1
2726.4248704663214,1
3783.636363636364,1
3198.0392156862745,1
1020.4918032786884,1
2158.291457286432,1
2150.862068965517,1
2694.1176470588234,1
1640.9266409266409,1
2733.333333333333,1
3425.925925925926,1
1921.875,1
2837.026666666666,1
845.0,1
606.060606060606,1
4611.111111111111,1
4211.009174311927,1
2623.529411764706,1
2086.6141732283463,1
3197.6744186046512,1
3262.9753086419755,1
1299.73474801061,1
5487.804878048781,1
2507.537688442211,1
1684.7826086956522,1
1964.7887323943664,1
3028.968253968254,1
4807.692307692308,1
1194.184839044652,1
3235.772357723577,1
1158.0882352941176,1
3598.0454545454545,1
3046.551724137931,1
1766.9172932330828,1
2089.3854748603358,1
1430.622009569378,1
2778.5714285714284,1
1588.235294117647,1
2033.2627118644068,1
3209.486166007905,1
2876.730769230769,1
2040.909090909091,1
1488.095238095238,1
1817.391304347826,1
3741.6666666666665,1
566.2878787878788,1
1244.3181818181818,1
2138.157894736842,1
1876.470588235294,1
1553.6723163841807,1
2402.5974025974024,1
2193.877551020408,1
849.2462311557789,1
1598.8372093023256,1
990.566037735849,1
2452.054794520548,1
2196.850393700787,1
1501.3774104683196,1
2262.9310344827586,1
766.6666666666666,1
1020.5128205128206,1
2653.333333333333,1
2801.3636363636365,1
2885.714285714286,1
2731.4814814814813,1
3087.6288659793813,1
3385.4166666666665,1
1116.591928251121,1
2827.433628318584,1
1740.3314917127072,1
3009.7087378640776,1
2852.233676975945,1
2987.8048780487807,1
3276.315789473684,1
3448.2758620689656,1
2354.2600896860986,1
2326.271186440678,1
348000.0,1
2025.4237288135596,1
2518.987341772152,1
2325.0,1
3592.0,1
2539.3700787401576,1
3171.6417910447763,1
2551.2820512820517,1
1574.468085106383,1
3353.5353535353534,1
3669.642857142857,1
2104.066985645933,1
932.2033898305084,1
2357.4235807860264,1
2567.7184466019417,1
4266.666666666667,1
4322.222222222223,1
3550.7246376811595,1
3478.260869565217,1
4205.607476635514,1
4273.809523809524,1
4566.666666666667,1
4483.333333333333,1
4392.857142857143,1
4733.333333333333,1
2526.315789473684,1
3539.4736842105262,1
2069.1244239631337,1
3398.2300884955757,1
4052.1739130434794,1
3255.208333333333,1
2472.868217054264,1
3904.494382022472,1
4325.301204819277,1
2822.5806451612902,1
2968.75,1
2048.4210526315787,1
2584.2696629213483,1
2718.75,1
2857.1428571428573,1
2089.3491124260354,1
2087.5739644970413,1
3746.575342465753,1
797.1014492753624,1
2616.279069767442,1
2594.5945945945946,1
2422.330097087379,1
1056.25,1
3701.986754966888,1
2688.5245901639346,1
1063.106796116505,1
2587.837837837838,1
2043.7158469945357,1
3426.03550295858,1
2410.628019323672,1
2022.5225225225224,1
2261.3636363636365,1
2312.0,1
3384.279475982533,1
1175.6756756756756,1
3345.3237410071943,1
2165.3543307086616,1
2661.691542288557,1
4765.217391304348,1
1482.4561403508771,1
3130.769230769231,1
1114.6788990825687,1
2209.3023255813955,1
4218.045112781955,1
833.3333333333334,1
2296.6666666666665,1
1622.1374045801526,1
2247.5,1
2212.5,1
2538.4615384615386,1
2722.222222222222,1
1419.047619047619,1
1028.571428571429,1
1852.3809523809523,1
1605.5045871559632,1
1228.571428571429,1
2399.038461538461,1
1647.7272727272727,1
2864.406779661017,1
1126.8781302170285,1
2802.083333333333,1
4264.957264957265,1
1896.8253968253969,1
3287.037037037037,1
3315.217391304348,1
3452.3809523809523,1
2716.0493827160494,1
3391.7525773195875,1
1095.679012345679,1
1091.240875912409,1
6470.588235294118,1
7000.0,1
3452.9411764705883,1
1541.5584415584417,1
2405.5172413793102,1
962.8571428571428,1
6714.285714285715,1
2481.4814814814813,1
3645.8333333333335,1
1260.0,1
2188.755020080321,1
955.1282051282052,1
1938.2022471910116,1
4247.159090909091,1
3022.47191011236,1
3354.5454545454545,1
3729.885057471264,1
2300.6993006993007,1
2725.0,1
2406.896551724138,1
2740.0,1
1223.076923076923,1
2715.976331360947,1
1846.1538461538464,1
1846.9565217391305,1
1524.0641711229946,1
2584.4155844155844,1
3513.5135135135133,1
2853.4031413612565,1
2688.811188811189,1
2810.077519379845,1
3320.833333333333,1
3662.5,1
890.2439024390244,1
10632.183908045978,1
4657.534246575343,1
1272.321428571429,1
2768.2403433476397,1
1778.9473684210527,1
1767.857142857143,1
5333.333333333333,1
4143.518518518518,1
4387.254901960784,1
3767.123287671233,1
2475.814814814815,1
1718.3908045977012,1
2158.273381294964,1
4687.5,1
6862.5,1
5784.313725490196,1
2711.538461538461,1
1784.4311377245508,1
2580.3571428571427,1
2786.764705882353,1
2539.2156862745096,1
1156.25,1
2766.4233576642337,1
603.030303030303,1
5436.363636363636,1
4487.5,1
1657.65306122449,1
3100.9615384615386,1
5135.658914728682,1
2691.176470588235,1
1565.4450261780105,1
1854.2857142857144,1
4613.44537815126,1
6969.69696969697,1
3501.4084507042253,1
4144.736842105263,1
2051.546391752577,1
950.0,1
5181.818181818182,1
3061.538461538461,1
713.9285714285714,1
1461.5384615384614,1
1713.3333333333333,1
1625.8503401360545,1
861.1111111111111,1
2675.925925925926,1
1513.7614678899083,1
2575.0,1
6966.666666666667,1
3086.206896551724,1
5600.0,1
3342.391304347826,1
3420.2380952380954,1
3625.757575757576,1
4418.604651162791,1
3628.787878787879,1
1641.1764705882354,1
2874.0458015267177,1
2884.423076923077,1
2854.961832061069,1
1552.2875816993464,1
4580.0,1
3278.481012658228,1
2631.9444444444443,1
690.0,1
2669.902912621359,1
2199.248120300752,1
3926.470588235294,1
3646.616541353384,1
4081.818181818182,1
2423.423423423424,1
3361.4457831325303,1
5808.823529411765,1
2886.59793814433,1
5185.185185185185,1
3963.4146341463415,1
2955.223880597015,1
1688.6792452830189,1
3397.435897435897,1
2873.873873873874,1
1895.1612903225807,1
3609.6256684491977,1
1145.418326693227,1
693.7033084311632,1
1652.7777777777778,1
7437.5,1
7628.205128205128,1
3317.4603174603176,1
3820.51282051282,1
1112.565445026178,1
1476.851851851852,1
1503.4246575342463,1
3008.478260869565,1
3141.153846153846,1
2493.32298136646,1
2725.3916083916083,1
2539.0625,1
4966.666666666667,1
1856.0092165898616,1
1620.8791208791208,1
2775.862068965517,1
3733.3333333333335,1
3121.495327102804,1
4365.656565656565,1
4190.344827586207,1
3959.006211180125,1
4140.384615384615,1
2453.643312101911,1
2654.320987654321,1
561.1510791366907,1
1999.4444444444443,1
2081.283422459893,1
1766.304347826087,1
2087.8661087866108,1
2165.0485436893205,1
3862.5,1
2397.163120567376,1
1747.3118279569892,1
2470.03825136612,1
3143.5,1
2686.4457831325303,1
2597.4685990338166,1
2498.4347826086955,1
2927.409638554217,1
3031.25,1
1596.774193548387,1
2373.056994818653,1
2321.2435233160622,1
2541.2909090909093,1
1240.0,1
1657.4074074074074,1
1153.061224489796,1
4234.931506849315,1
2762.557077625571,1
3759.433962264151,1
6153.846153846154,1
3074.074074074074,1
3517.094017094017,1
3322.1374045801526,1
1231.404958677686,1
583.3333333333334,1
1920.0,1
2497.445714285714,1
2809.5238095238096,1
3836.538461538461,1
4165.0485436893205,1
3780.3030303030314,1
4011.4942528735633,1
2863.3879781420765,1
1814.516129032258,1
3140.6015037593984,1
4437.5,1
2110.3896103896104,1
1798.780487804878,1
4557.894736842105,1
1746.753246753247,1
1280.4878048780488,1
2675.1592356687897,1
3789.385964912281,1
3798.446601941748,1
3812.018,1
8605.76923076923,1
2914.583333333333,1
978.2608695652174,1
5857.843137254902,1
11045.454545454546,1
2770.4918032786886,1
1295.4545454545455,1
2990.325,1
2269.736842105264,1
1698.4126984126983,1
1642.3841059602648,1
1811.2244897959183,1
939.3939393939394,1
3228.5714285714284,1
2018.987341772152,1
2044.4444444444443,1
985.8156028368794,1
2370.192307692308,1
1880.907372400756,1
1866.3101604278077,1
1131.25,1
2962.5742574257424,1
3357.9113924050635,1
3773.255639097744,1
3541.0526315789475,1
3324.324324324324,1
2071.03825136612,1
3006.024096385542,1
3275.862068965517,1
3114.754098360656,1
3384.7191011235955,1
4267.241379310345,1
3198.43137254902,1
3672.991452991453,1
4381.473684210527,1
2726.632124352332,1
3128.978494623656,1
3122.228260869565,1
2978.514285714285,1
1762.962962962963,1
2188.775510204081,1
3575.471698113208,1
2656.804733727811,1
3013.422818791946,1
2222.8571428571427,1
2547.89156626506,1
2008.032128514056,1
2643.3566433566434,1
743.5897435897435,1
6522.388059701492,1
1445.086705202312,1
6900.0,1
1115.3846153846157,1
3438.8888888888887,1
4162.5,1
1516.8539325842696,1
2283.333333333333,1
4744.897959183673,1
2339.627659574468,1
4690.0,1
3170.2127659574467,1
